-- MySQL dump 10.13  Distrib 5.7.20, for Linux (x86_64)
--
-- Host: localhost    Database: vocabulary_test
-- ------------------------------------------------------
-- Server version	5.7.20-0ubuntu0.17.10.1

/*!40101 SET @OLD_CHARACTER_SET_CLIENT=@@CHARACTER_SET_CLIENT */;
/*!40101 SET @OLD_CHARACTER_SET_RESULTS=@@CHARACTER_SET_RESULTS */;
/*!40101 SET @OLD_COLLATION_CONNECTION=@@COLLATION_CONNECTION */;
/*!40101 SET NAMES utf8 */;
/*!40103 SET @OLD_TIME_ZONE=@@TIME_ZONE */;
/*!40103 SET TIME_ZONE='+00:00' */;
/*!40014 SET @OLD_UNIQUE_CHECKS=@@UNIQUE_CHECKS, UNIQUE_CHECKS=0 */;
/*!40014 SET @OLD_FOREIGN_KEY_CHECKS=@@FOREIGN_KEY_CHECKS, FOREIGN_KEY_CHECKS=0 */;
/*!40101 SET @OLD_SQL_MODE=@@SQL_MODE, SQL_MODE='NO_AUTO_VALUE_ON_ZERO' */;
/*!40111 SET @OLD_SQL_NOTES=@@SQL_NOTES, SQL_NOTES=0 */;

--
-- Table structure for table `history`
--

DROP TABLE IF EXISTS `history`;
/*!40101 SET @saved_cs_client     = @@character_set_client */;
/*!40101 SET character_set_client = utf8 */;
CREATE TABLE `history` (
  `id` bigint(20) NOT NULL AUTO_INCREMENT,
  `percentage_of_result` int(11) NOT NULL,
  `solve_date` datetime(6) DEFAULT NULL,
  `user_id` bigint(20) DEFAULT NULL,
  `word_group_id` bigint(20) DEFAULT NULL,
  PRIMARY KEY (`id`),
  KEY `FKq4kh99ws9lhtls5i3o73gw30t` (`user_id`),
  KEY `FKker3p1xaaqlq406ot5a7ij3ii` (`word_group_id`),
  CONSTRAINT `FKker3p1xaaqlq406ot5a7ij3ii` FOREIGN KEY (`word_group_id`) REFERENCES `word_groups` (`id`),
  CONSTRAINT `FKq4kh99ws9lhtls5i3o73gw30t` FOREIGN KEY (`user_id`) REFERENCES `users` (`id`)
) ENGINE=InnoDB AUTO_INCREMENT=16 DEFAULT CHARSET=utf8 COLLATE=utf8_unicode_ci;
/*!40101 SET character_set_client = @saved_cs_client */;

--
-- Dumping data for table `history`
--

LOCK TABLES `history` WRITE;
/*!40000 ALTER TABLE `history` DISABLE KEYS */;
INSERT INTO `history` VALUES (1,100,'2017-12-07 20:56:39.281000',1,21),(2,73,'2017-12-07 20:57:19.908000',1,16),(3,69,'2017-12-07 20:59:13.688000',1,1),(4,95,'2017-12-07 21:46:17.894000',1,3),(5,100,'2017-12-07 21:46:34.171000',1,21),(6,100,'2017-12-07 21:46:39.148000',1,21),(7,83,'2017-12-07 21:47:06.407000',1,6),(8,90,'2017-12-08 00:57:32.808000',1,22),(9,100,'2017-12-08 10:47:15.967000',2,23),(10,0,'2017-12-08 10:47:28.926000',2,23),(11,40,'2017-12-08 10:48:08.535000',2,22),(12,80,'2017-12-11 22:41:10.949000',1,22),(13,65,'2017-12-11 22:51:18.132000',1,22),(14,33,'2017-12-14 23:51:24.570000',1,21),(15,85,'2017-12-15 23:15:27.913000',1,22);
/*!40000 ALTER TABLE `history` ENABLE KEYS */;
UNLOCK TABLES;

--
-- Table structure for table `probabilities`
--

DROP TABLE IF EXISTS `probabilities`;
/*!40101 SET @saved_cs_client     = @@character_set_client */;
/*!40101 SET character_set_client = utf8 */;
CREATE TABLE `probabilities` (
  `id` bigint(20) NOT NULL AUTO_INCREMENT,
  `probability` decimal(5,2) NOT NULL,
  `user_id` bigint(20) DEFAULT NULL,
  `word_id` bigint(20) DEFAULT NULL,
  PRIMARY KEY (`id`),
  KEY `FKkwi1oac42i7vpsjd8363mx3o4` (`user_id`),
  KEY `FK80ul6r12k8vkplpuptee359tx` (`word_id`),
  CONSTRAINT `FK80ul6r12k8vkplpuptee359tx` FOREIGN KEY (`word_id`) REFERENCES `words` (`id`),
  CONSTRAINT `FKkwi1oac42i7vpsjd8363mx3o4` FOREIGN KEY (`user_id`) REFERENCES `users` (`id`)
) ENGINE=InnoDB AUTO_INCREMENT=4503 DEFAULT CHARSET=utf8 COLLATE=utf8_unicode_ci;
/*!40101 SET character_set_client = @saved_cs_client */;

--
-- Dumping data for table `probabilities`
--

LOCK TABLES `probabilities` WRITE;
/*!40000 ALTER TABLE `probabilities` DISABLE KEYS */;
INSERT INTO `probabilities` VALUES (1,0.86,1,1),(2,2.88,1,2),(3,2.88,1,3),(4,0.86,1,4),(5,2.88,1,5),(6,2.88,1,6),(7,0.86,1,7),(8,0.52,1,8),(9,9.60,1,9),(10,0.86,1,10),(11,0.52,1,11),(12,9.60,1,12),(13,0.52,1,13),(14,0.52,1,14),(15,0.52,1,15),(16,64.00,1,16),(17,0.36,1,17),(18,1.00,1,18),(19,1.00,1,19),(20,1.00,1,20),(21,1.00,1,21),(22,0.60,1,22),(23,1.00,1,23),(24,1.00,1,24),(25,1.00,1,25),(26,1.00,1,26),(27,1.00,1,27),(28,0.60,1,28),(29,0.60,1,29),(30,0.60,1,30),(31,0.60,1,31),(32,0.36,1,32),(33,0.22,1,33),(34,0.36,1,34),(35,0.60,1,35),(36,0.60,1,36),(37,0.60,1,37),(38,0.60,1,38),(39,0.60,1,39),(40,0.60,1,40),(41,1.20,1,41),(42,0.60,1,42),(43,1.20,1,43),(44,0.60,1,44),(45,0.60,1,45),(46,0.36,1,46),(47,4.80,1,47),(48,16.00,1,48),(49,1.44,1,49),(50,2.40,1,50),(51,2.40,1,51),(52,1.44,1,52),(53,2.40,1,53),(54,4.80,1,54),(55,1.73,1,55),(56,2.40,1,56),(57,2.40,1,57),(58,2.40,1,58),(59,2.40,1,59),(60,2.40,1,60),(61,8.00,1,61),(62,1.20,1,62),(63,0.22,1,63),(64,0.36,1,64),(65,0.05,1,65),(66,0.36,1,66),(67,0.26,1,67),(68,0.36,1,68),(69,0.72,1,69),(70,0.36,1,70),(71,0.36,1,71),(72,0.36,1,72),(73,0.36,1,73),(74,0.36,1,74),(75,0.36,1,75),(76,2.40,1,76),(77,0.60,1,77),(78,0.36,1,78),(79,0.60,1,79),(80,0.60,1,80),(81,0.72,1,81),(82,0.60,1,82),(83,0.60,1,83),(84,1.20,1,84),(85,0.60,1,85),(86,0.36,1,86),(87,0.60,1,87),(88,2.00,1,88),(89,1.00,1,89),(90,1.00,1,90),(91,0.60,1,91),(92,0.60,1,92),(93,1.00,1,93),(94,4.00,1,94),(95,1.00,1,95),(96,1.00,1,96),(97,0.60,1,97),(98,1.00,1,98),(99,1.00,1,99),(100,1.00,1,100),(101,1.00,1,101),(102,0.60,1,102),(103,1.00,1,103),(104,0.60,1,104),(105,0.60,1,105),(106,1.00,1,106),(107,1.00,1,107),(108,1.00,1,108),(109,0.36,1,109),(110,1.00,1,110),(111,0.60,1,111),(112,1.00,1,112),(113,0.26,1,113),(114,1.00,1,114),(115,1.00,1,115),(116,1.00,1,116),(117,1.00,1,117),(118,1.00,1,118),(119,0.60,1,119),(120,1.00,1,120),(121,1.00,1,121),(122,1.00,1,122),(123,0.60,1,123),(124,1.00,1,124),(125,1.00,1,125),(126,1.00,1,126),(127,0.60,1,127),(128,1.00,1,128),(129,1.00,1,129),(130,1.00,1,130),(131,1.00,1,131),(132,0.60,1,132),(133,1.00,1,133),(134,1.00,1,134),(135,1.00,1,135),(136,1.00,1,136),(137,1.00,1,137),(138,1.00,1,138),(139,1.00,1,139),(140,1.00,1,140),(141,1.00,1,141),(142,2.00,1,142),(143,1.00,1,143),(144,1.00,1,144),(145,2.00,1,145),(146,1.00,1,146),(147,1.00,1,147),(148,1.00,1,148),(149,1.00,1,149),(150,1.00,1,150),(151,1.00,1,151),(152,0.60,1,152),(153,0.36,1,153),(154,0.60,1,154),(155,1.00,1,155),(156,0.60,1,156),(157,1.00,1,157),(158,1.00,1,158),(159,1.00,1,159),(160,1.00,1,160),(161,1.00,1,161),(162,1.00,1,162),(163,0.60,1,163),(164,1.00,1,164),(165,0.60,1,165),(166,0.60,1,166),(167,1.00,1,167),(168,1.00,1,168),(169,1.00,1,169),(170,2.00,1,170),(171,1.00,1,171),(172,1.00,1,172),(173,1.00,1,173),(174,1.00,1,174),(175,0.03,1,175),(176,0.03,1,176),(177,0.04,1,177),(178,0.03,1,178),(179,0.02,1,179),(180,0.03,1,180),(181,0.02,1,181),(182,0.05,1,182),(183,184.32,1,183),(184,0.02,1,184),(185,0.02,1,185),(186,0.05,1,186),(187,55.30,1,187),(188,0.06,1,188),(189,0.04,1,189),(190,2.49,1,190),(191,0.06,1,191),(192,0.05,1,192),(193,0.01,1,193),(194,0.03,1,194),(195,0.03,1,195),(196,0.02,1,196),(197,0.10,1,197),(198,0.01,1,198),(199,0.03,1,199),(200,0.02,1,200),(201,0.60,2,1),(202,2.00,2,2),(203,1.00,2,3),(204,1.00,2,4),(205,1.00,2,5),(206,1.00,2,6),(207,1.00,2,7),(208,1.00,2,8),(209,1.00,2,9),(210,1.00,2,10),(211,1.00,2,11),(212,1.00,2,12),(213,1.00,2,13),(214,1.00,2,14),(215,1.00,2,15),(216,1.00,2,16),(217,1.00,2,17),(218,1.00,2,18),(219,0.60,2,19),(220,1.00,2,20),(221,1.00,2,21),(222,1.00,2,22),(223,1.00,2,23),(224,1.00,2,24),(225,1.00,2,25),(226,1.00,2,26),(227,1.00,2,27),(228,1.00,2,28),(229,1.00,2,29),(230,1.00,2,30),(231,1.00,2,31),(232,1.20,2,32),(233,1.00,2,33),(234,1.00,2,34),(235,1.00,2,35),(236,1.00,2,36),(237,1.00,2,37),(238,1.00,2,38),(239,1.00,2,39),(240,1.00,2,40),(241,1.00,2,41),(242,1.00,2,42),(243,1.00,2,43),(244,1.00,2,44),(245,1.00,2,45),(246,0.60,2,46),(247,2.00,2,47),(248,1.00,2,48),(249,1.00,2,49),(250,1.00,2,50),(251,1.00,2,51),(252,1.00,2,52),(253,1.00,2,53),(254,1.00,2,54),(255,1.00,2,55),(256,1.00,2,56),(257,1.00,2,57),(258,1.00,2,58),(259,1.00,2,59),(260,1.00,2,60),(261,1.00,2,61),(262,1.00,2,62),(263,1.00,2,63),(264,1.00,2,64),(265,1.00,2,65),(266,1.00,2,66),(267,1.00,2,67),(268,1.00,2,68),(269,1.00,2,69),(270,1.00,2,70),(271,1.00,2,71),(272,1.00,2,72),(273,1.00,2,73),(274,1.00,2,74),(275,1.00,2,75),(276,1.00,2,76),(277,1.00,2,77),(278,1.00,2,78),(279,1.00,2,79),(280,1.00,2,80),(281,0.60,2,81),(282,1.00,2,82),(283,1.00,2,83),(284,1.00,2,84),(285,1.00,2,85),(286,1.00,2,86),(287,1.00,2,87),(288,1.00,2,88),(289,1.00,2,89),(290,1.00,2,90),(291,1.00,2,91),(292,1.00,2,92),(293,1.00,2,93),(294,2.00,2,94),(295,1.00,2,95),(296,1.00,2,96),(297,1.00,2,97),(298,1.00,2,98),(299,1.00,2,99),(300,1.00,2,100),(301,1.00,2,101),(302,1.00,2,102),(303,1.00,2,103),(304,1.00,2,104),(305,1.00,2,105),(306,1.00,2,106),(307,1.00,2,107),(308,1.00,2,108),(309,1.00,2,109),(310,1.00,2,110),(311,1.00,2,111),(312,1.00,2,112),(313,1.00,2,113),(314,2.00,2,114),(315,1.00,2,115),(316,0.60,2,116),(317,1.00,2,117),(318,1.00,2,118),(319,1.00,2,119),(320,2.00,2,120),(321,1.00,2,121),(322,1.00,2,122),(323,1.00,2,123),(324,1.00,2,124),(325,1.00,2,125),(326,1.00,2,126),(327,1.00,2,127),(328,1.00,2,128),(329,1.00,2,129),(330,1.00,2,130),(331,1.00,2,131),(332,1.00,2,132),(333,1.00,2,133),(334,1.00,2,134),(335,1.00,2,135),(336,1.00,2,136),(337,1.00,2,137),(338,1.00,2,138),(339,1.00,2,139),(340,1.00,2,140),(341,1.00,2,141),(342,1.00,2,142),(343,1.00,2,143),(344,1.00,2,144),(345,1.00,2,145),(346,1.00,2,146),(347,1.00,2,147),(348,1.00,2,148),(349,1.00,2,149),(350,1.00,2,150),(351,1.00,2,151),(352,1.00,2,152),(353,1.00,2,153),(354,1.00,2,154),(355,1.00,2,155),(356,1.00,2,156),(357,1.00,2,157),(358,2.00,2,158),(359,1.00,2,159),(360,1.00,2,160),(361,1.00,2,161),(362,1.00,2,162),(363,1.00,2,163),(364,1.00,2,164),(365,1.00,2,165),(366,0.60,2,166),(367,1.00,2,167),(368,1.00,2,168),(369,1.00,2,169),(370,1.00,2,170),(371,1.00,2,171),(372,1.00,2,172),(373,1.00,2,173),(374,1.00,2,174),(375,2.00,2,175),(376,1.00,2,176),(377,2.00,2,177),(378,2.00,2,178),(379,2.00,2,179),(380,4.00,2,180),(381,0.60,2,181),(382,0.60,2,182),(383,1.00,2,183),(384,2.00,2,184),(385,2.00,2,185),(386,1.20,2,186),(387,1.00,2,187),(388,1.00,2,188),(389,2.00,2,189),(390,2.00,2,190),(391,2.00,2,191),(392,2.00,2,192),(393,2.00,2,193),(394,2.00,2,194),(395,1.20,2,195),(396,0.60,2,196),(397,1.00,2,197),(398,1.00,2,198),(399,2.00,2,199),(400,2.00,2,200),(401,1.00,3,1),(402,1.00,3,2),(403,1.00,3,3),(404,1.00,3,4),(405,1.00,3,5),(406,1.00,3,6),(407,1.00,3,7),(408,1.00,3,8),(409,1.00,3,9),(410,1.00,3,10),(411,1.00,3,11),(412,1.00,3,12),(413,1.00,3,13),(414,1.00,3,14),(415,1.00,3,15),(416,1.00,3,16),(417,1.00,3,17),(418,1.00,3,18),(419,1.00,3,19),(420,1.00,3,20),(421,1.00,3,21),(422,1.00,3,22),(423,1.00,3,23),(424,1.00,3,24),(425,1.00,3,25),(426,1.00,3,26),(427,1.00,3,27),(428,1.00,3,28),(429,1.00,3,29),(430,1.00,3,30),(431,1.00,3,31),(432,1.00,3,32),(433,1.00,3,33),(434,1.00,3,34),(435,1.00,3,35),(436,1.00,3,36),(437,1.00,3,37),(438,1.00,3,38),(439,1.00,3,39),(440,1.00,3,40),(441,1.00,3,41),(442,1.00,3,42),(443,1.00,3,43),(444,1.00,3,44),(445,1.00,3,45),(446,1.00,3,46),(447,1.00,3,47),(448,1.00,3,48),(449,1.00,3,49),(450,1.00,3,50),(451,1.00,3,51),(452,1.00,3,52),(453,1.00,3,53),(454,1.00,3,54),(455,1.00,3,55),(456,1.00,3,56),(457,1.00,3,57),(458,1.00,3,58),(459,1.00,3,59),(460,1.00,3,60),(461,1.00,3,61),(462,1.00,3,62),(463,1.00,3,63),(464,1.00,3,64),(465,1.00,3,65),(466,1.00,3,66),(467,1.00,3,67),(468,1.00,3,68),(469,1.00,3,69),(470,1.00,3,70),(471,1.00,3,71),(472,1.00,3,72),(473,1.00,3,73),(474,1.00,3,74),(475,1.00,3,75),(476,1.00,3,76),(477,1.00,3,77),(478,1.00,3,78),(479,1.00,3,79),(480,1.00,3,80),(481,1.00,3,81),(482,1.00,3,82),(483,1.00,3,83),(484,1.00,3,84),(485,1.00,3,85),(486,1.00,3,86),(487,1.00,3,87),(488,1.00,3,88),(489,1.00,3,89),(490,1.00,3,90),(491,1.00,3,91),(492,1.00,3,92),(493,1.00,3,93),(494,1.00,3,94),(495,1.00,3,95),(496,1.00,3,96),(497,1.00,3,97),(498,1.00,3,98),(499,1.00,3,99),(500,1.00,3,100),(501,1.00,3,101),(502,1.00,3,102),(503,1.00,3,103),(504,1.00,3,104),(505,1.00,3,105),(506,1.00,3,106),(507,1.00,3,107),(508,1.00,3,108),(509,1.00,3,109),(510,1.00,3,110),(511,1.00,3,111),(512,1.00,3,112),(513,1.00,3,113),(514,1.00,3,114),(515,1.00,3,115),(516,1.00,3,116),(517,1.00,3,117),(518,1.00,3,118),(519,1.00,3,119),(520,1.00,3,120),(521,1.00,3,121),(522,1.00,3,122),(523,1.00,3,123),(524,1.00,3,124),(525,1.00,3,125),(526,1.00,3,126),(527,1.00,3,127),(528,1.00,3,128),(529,1.00,3,129),(530,1.00,3,130),(531,1.00,3,131),(532,1.00,3,132),(533,1.00,3,133),(534,1.00,3,134),(535,1.00,3,135),(536,1.00,3,136),(537,1.00,3,137),(538,1.00,3,138),(539,1.00,3,139),(540,1.00,3,140),(541,1.00,3,141),(542,1.00,3,142),(543,1.00,3,143),(544,1.00,3,144),(545,1.00,3,145),(546,1.00,3,146),(547,1.00,3,147),(548,1.00,3,148),(549,1.00,3,149),(550,1.00,3,150),(551,1.00,3,151),(552,1.00,3,152),(553,1.00,3,153),(554,1.00,3,154),(555,1.00,3,155),(556,1.00,3,156),(557,1.00,3,157),(558,1.00,3,158),(559,1.00,3,159),(560,1.00,3,160),(561,1.00,3,161),(562,1.00,3,162),(563,1.00,3,163),(564,1.00,3,164),(565,1.00,3,165),(566,1.00,3,166),(567,1.00,3,167),(568,1.00,3,168),(569,1.00,3,169),(570,1.00,3,170),(571,1.00,3,171),(572,1.00,3,172),(573,1.00,3,173),(574,1.00,3,174),(575,1.00,3,175),(576,1.00,3,176),(577,1.00,3,177),(578,1.00,3,178),(579,1.00,3,179),(580,1.00,3,180),(581,1.00,3,181),(582,1.00,3,182),(583,1.00,3,183),(584,1.00,3,184),(585,1.00,3,185),(586,1.00,3,186),(587,1.00,3,187),(588,1.00,3,188),(589,1.00,3,189),(590,1.00,3,190),(591,1.00,3,191),(592,1.00,3,192),(593,1.00,3,193),(594,1.00,3,194),(595,1.00,3,195),(596,1.00,3,196),(597,1.00,3,197),(598,1.00,3,198),(599,1.00,3,199),(600,1.00,3,200),(601,1.00,4,1),(602,1.00,4,2),(603,1.00,4,3),(604,1.00,4,4),(605,1.00,4,5),(606,1.00,4,6),(607,1.00,4,7),(608,1.00,4,8),(609,1.00,4,9),(610,1.00,4,10),(611,1.00,4,11),(612,1.00,4,12),(613,1.00,4,13),(614,1.00,4,14),(615,1.00,4,15),(616,1.00,4,16),(617,1.00,4,17),(618,1.00,4,18),(619,1.00,4,19),(620,1.00,4,20),(621,1.00,4,21),(622,1.00,4,22),(623,1.00,4,23),(624,1.00,4,24),(625,1.00,4,25),(626,1.00,4,26),(627,1.00,4,27),(628,1.00,4,28),(629,1.00,4,29),(630,1.00,4,30),(631,1.00,4,31),(632,1.00,4,32),(633,1.00,4,33),(634,1.00,4,34),(635,1.00,4,35),(636,1.00,4,36),(637,1.00,4,37),(638,1.00,4,38),(639,1.00,4,39),(640,1.00,4,40),(641,1.00,4,41),(642,1.00,4,42),(643,1.00,4,43),(644,1.00,4,44),(645,1.00,4,45),(646,1.00,4,46),(647,1.00,4,47),(648,1.00,4,48),(649,1.00,4,49),(650,1.00,4,50),(651,1.00,4,51),(652,1.00,4,52),(653,1.00,4,53),(654,1.00,4,54),(655,1.00,4,55),(656,1.00,4,56),(657,1.00,4,57),(658,1.00,4,58),(659,1.00,4,59),(660,1.00,4,60),(661,1.00,4,61),(662,1.00,4,62),(663,1.00,4,63),(664,1.00,4,64),(665,1.00,4,65),(666,1.00,4,66),(667,1.00,4,67),(668,1.00,4,68),(669,1.00,4,69),(670,1.00,4,70),(671,1.00,4,71),(672,1.00,4,72),(673,1.00,4,73),(674,1.00,4,74),(675,1.00,4,75),(676,1.00,4,76),(677,1.00,4,77),(678,1.00,4,78),(679,1.00,4,79),(680,1.00,4,80),(681,1.00,4,81),(682,1.00,4,82),(683,1.00,4,83),(684,1.00,4,84),(685,1.00,4,85),(686,1.00,4,86),(687,1.00,4,87),(688,1.00,4,88),(689,1.00,4,89),(690,1.00,4,90),(691,1.00,4,91),(692,1.00,4,92),(693,1.00,4,93),(694,1.00,4,94),(695,1.00,4,95),(696,1.00,4,96),(697,1.00,4,97),(698,1.00,4,98),(699,1.00,4,99),(700,1.00,4,100),(701,1.00,4,101),(702,1.00,4,102),(703,1.00,4,103),(704,1.00,4,104),(705,1.00,4,105),(706,1.00,4,106),(707,1.00,4,107),(708,1.00,4,108),(709,1.00,4,109),(710,1.00,4,110),(711,1.00,4,111),(712,1.00,4,112),(713,1.00,4,113),(714,1.00,4,114),(715,1.00,4,115),(716,1.00,4,116),(717,1.00,4,117),(718,1.00,4,118),(719,1.00,4,119),(720,1.00,4,120),(721,1.00,4,121),(722,1.00,4,122),(723,1.00,4,123),(724,1.00,4,124),(725,1.00,4,125),(726,1.00,4,126),(727,1.00,4,127),(728,1.00,4,128),(729,1.00,4,129),(730,1.00,4,130),(731,1.00,4,131),(732,1.00,4,132),(733,1.00,4,133),(734,1.00,4,134),(735,1.00,4,135),(736,1.00,4,136),(737,1.00,4,137),(738,1.00,4,138),(739,1.00,4,139),(740,1.00,4,140),(741,1.00,4,141),(742,1.00,4,142),(743,1.00,4,143),(744,1.00,4,144),(745,1.00,4,145),(746,1.00,4,146),(747,1.00,4,147),(748,1.00,4,148),(749,1.00,4,149),(750,1.00,4,150),(751,1.00,4,151),(752,1.00,4,152),(753,1.00,4,153),(754,1.00,4,154),(755,1.00,4,155),(756,1.00,4,156),(757,1.00,4,157),(758,1.00,4,158),(759,1.00,4,159),(760,1.00,4,160),(761,1.00,4,161),(762,1.00,4,162),(763,1.00,4,163),(764,1.00,4,164),(765,1.00,4,165),(766,1.00,4,166),(767,1.00,4,167),(768,1.00,4,168),(769,1.00,4,169),(770,1.00,4,170),(771,1.00,4,171),(772,1.00,4,172),(773,1.00,4,173),(774,1.00,4,174),(775,1.00,4,175),(776,1.00,4,176),(777,1.00,4,177),(778,1.00,4,178),(779,1.00,4,179),(780,1.00,4,180),(781,1.00,4,181),(782,1.00,4,182),(783,1.00,4,183),(784,1.00,4,184),(785,1.00,4,185),(786,1.00,4,186),(787,1.00,4,187),(788,1.00,4,188),(789,1.00,4,189),(790,1.00,4,190),(791,1.00,4,191),(792,1.00,4,192),(793,1.00,4,193),(794,1.00,4,194),(795,1.00,4,195),(796,1.00,4,196),(797,1.00,4,197),(798,1.00,4,198),(799,1.00,4,199),(800,1.00,4,200),(801,1.00,5,1),(802,1.00,5,2),(803,1.00,5,3),(804,1.00,5,4),(805,1.00,5,5),(806,1.00,5,6),(807,1.00,5,7),(808,1.00,5,8),(809,1.00,5,9),(810,1.00,5,10),(811,1.00,5,11),(812,1.00,5,12),(813,1.00,5,13),(814,1.00,5,14),(815,1.00,5,15),(816,1.00,5,16),(817,1.00,5,17),(818,1.00,5,18),(819,1.00,5,19),(820,1.00,5,20),(821,1.00,5,21),(822,1.00,5,22),(823,1.00,5,23),(824,1.00,5,24),(825,1.00,5,25),(826,1.00,5,26),(827,1.00,5,27),(828,1.00,5,28),(829,1.00,5,29),(830,1.00,5,30),(831,1.00,5,31),(832,1.00,5,32),(833,1.00,5,33),(834,1.00,5,34),(835,1.00,5,35),(836,1.00,5,36),(837,1.00,5,37),(838,1.00,5,38),(839,1.00,5,39),(840,1.00,5,40),(841,1.00,5,41),(842,1.00,5,42),(843,1.00,5,43),(844,1.00,5,44),(845,1.00,5,45),(846,1.00,5,46),(847,1.00,5,47),(848,1.00,5,48),(849,1.00,5,49),(850,1.00,5,50),(851,1.00,5,51),(852,1.00,5,52),(853,1.00,5,53),(854,1.00,5,54),(855,1.00,5,55),(856,1.00,5,56),(857,1.00,5,57),(858,1.00,5,58),(859,1.00,5,59),(860,1.00,5,60),(861,1.00,5,61),(862,1.00,5,62),(863,1.00,5,63),(864,1.00,5,64),(865,1.00,5,65),(866,1.00,5,66),(867,1.00,5,67),(868,1.00,5,68),(869,1.00,5,69),(870,1.00,5,70),(871,1.00,5,71),(872,1.00,5,72),(873,1.00,5,73),(874,1.00,5,74),(875,1.00,5,75),(876,1.00,5,76),(877,1.00,5,77),(878,1.00,5,78),(879,1.00,5,79),(880,1.00,5,80),(881,1.00,5,81),(882,1.00,5,82),(883,1.00,5,83),(884,1.00,5,84),(885,1.00,5,85),(886,1.00,5,86),(887,1.00,5,87),(888,1.00,5,88),(889,1.00,5,89),(890,1.00,5,90),(891,1.00,5,91),(892,1.00,5,92),(893,1.00,5,93),(894,1.00,5,94),(895,1.00,5,95),(896,1.00,5,96),(897,1.00,5,97),(898,1.00,5,98),(899,1.00,5,99),(900,1.00,5,100),(901,1.00,5,101),(902,1.00,5,102),(903,1.00,5,103),(904,1.00,5,104),(905,1.00,5,105),(906,1.00,5,106),(907,1.00,5,107),(908,1.00,5,108),(909,1.00,5,109),(910,1.00,5,110),(911,1.00,5,111),(912,1.00,5,112),(913,1.00,5,113),(914,1.00,5,114),(915,1.00,5,115),(916,1.00,5,116),(917,1.00,5,117),(918,1.00,5,118),(919,1.00,5,119),(920,1.00,5,120),(921,1.00,5,121),(922,1.00,5,122),(923,1.00,5,123),(924,1.00,5,124),(925,1.00,5,125),(926,1.00,5,126),(927,1.00,5,127),(928,1.00,5,128),(929,1.00,5,129),(930,1.00,5,130),(931,1.00,5,131),(932,1.00,5,132),(933,1.00,5,133),(934,1.00,5,134),(935,1.00,5,135),(936,1.00,5,136),(937,1.00,5,137),(938,1.00,5,138),(939,1.00,5,139),(940,1.00,5,140),(941,1.00,5,141),(942,1.00,5,142),(943,1.00,5,143),(944,1.00,5,144),(945,1.00,5,145),(946,1.00,5,146),(947,1.00,5,147),(948,1.00,5,148),(949,1.00,5,149),(950,1.00,5,150),(951,1.00,5,151),(952,1.00,5,152),(953,1.00,5,153),(954,1.00,5,154),(955,1.00,5,155),(956,1.00,5,156),(957,1.00,5,157),(958,1.00,5,158),(959,1.00,5,159),(960,1.00,5,160),(961,1.00,5,161),(962,1.00,5,162),(963,1.00,5,163),(964,1.00,5,164),(965,1.00,5,165),(966,1.00,5,166),(967,1.00,5,167),(968,1.00,5,168),(969,1.00,5,169),(970,1.00,5,170),(971,1.00,5,171),(972,1.00,5,172),(973,1.00,5,173),(974,1.00,5,174),(975,1.00,5,175),(976,1.00,5,176),(977,1.00,5,177),(978,1.00,5,178),(979,1.00,5,179),(980,1.00,5,180),(981,1.00,5,181),(982,1.00,5,182),(983,1.00,5,183),(984,1.00,5,184),(985,1.00,5,185),(986,1.00,5,186),(987,1.00,5,187),(988,1.00,5,188),(989,1.00,5,189),(990,1.00,5,190),(991,1.00,5,191),(992,1.00,5,192),(993,1.00,5,193),(994,1.00,5,194),(995,1.00,5,195),(996,1.00,5,196),(997,1.00,5,197),(998,1.00,5,198),(999,1.00,5,199),(1000,1.00,5,200),(1001,1.00,6,1),(1002,1.00,6,2),(1003,1.00,6,3),(1004,1.00,6,4),(1005,1.00,6,5),(1006,1.00,6,6),(1007,1.00,6,7),(1008,1.00,6,8),(1009,1.00,6,9),(1010,1.00,6,10),(1011,1.00,6,11),(1012,1.00,6,12),(1013,1.00,6,13),(1014,1.00,6,14),(1015,1.00,6,15),(1016,1.00,6,16),(1017,1.00,6,17),(1018,1.00,6,18),(1019,1.00,6,19),(1020,1.00,6,20),(1021,1.00,6,21),(1022,1.00,6,22),(1023,1.00,6,23),(1024,1.00,6,24),(1025,1.00,6,25),(1026,1.00,6,26),(1027,1.00,6,27),(1028,1.00,6,28),(1029,1.00,6,29),(1030,1.00,6,30),(1031,1.00,6,31),(1032,1.00,6,32),(1033,1.00,6,33),(1034,1.00,6,34),(1035,1.00,6,35),(1036,1.00,6,36),(1037,1.00,6,37),(1038,1.00,6,38),(1039,1.00,6,39),(1040,1.00,6,40),(1041,1.00,6,41),(1042,1.00,6,42),(1043,1.00,6,43),(1044,1.00,6,44),(1045,1.00,6,45),(1046,1.00,6,46),(1047,1.00,6,47),(1048,1.00,6,48),(1049,1.00,6,49),(1050,1.00,6,50),(1051,1.00,6,51),(1052,1.00,6,52),(1053,1.00,6,53),(1054,1.00,6,54),(1055,1.00,6,55),(1056,1.00,6,56),(1057,1.00,6,57),(1058,1.00,6,58),(1059,1.00,6,59),(1060,1.00,6,60),(1061,1.00,6,61),(1062,1.00,6,62),(1063,1.00,6,63),(1064,1.00,6,64),(1065,1.00,6,65),(1066,1.00,6,66),(1067,1.00,6,67),(1068,1.00,6,68),(1069,1.00,6,69),(1070,1.00,6,70),(1071,1.00,6,71),(1072,1.00,6,72),(1073,1.00,6,73),(1074,1.00,6,74),(1075,1.00,6,75),(1076,1.00,6,76),(1077,1.00,6,77),(1078,1.00,6,78),(1079,1.00,6,79),(1080,1.00,6,80),(1081,1.00,6,81),(1082,1.00,6,82),(1083,1.00,6,83),(1084,1.00,6,84),(1085,1.00,6,85),(1086,1.00,6,86),(1087,1.00,6,87),(1088,1.00,6,88),(1089,1.00,6,89),(1090,1.00,6,90),(1091,1.00,6,91),(1092,1.00,6,92),(1093,1.00,6,93),(1094,1.00,6,94),(1095,1.00,6,95),(1096,1.00,6,96),(1097,1.00,6,97),(1098,1.00,6,98),(1099,1.00,6,99),(1100,1.00,6,100),(1101,1.00,6,101),(1102,1.00,6,102),(1103,1.00,6,103),(1104,1.00,6,104),(1105,1.00,6,105),(1106,1.00,6,106),(1107,1.00,6,107),(1108,1.00,6,108),(1109,1.00,6,109),(1110,1.00,6,110),(1111,1.00,6,111),(1112,1.00,6,112),(1113,1.00,6,113),(1114,1.00,6,114),(1115,1.00,6,115),(1116,1.00,6,116),(1117,1.00,6,117),(1118,1.00,6,118),(1119,1.00,6,119),(1120,1.00,6,120),(1121,1.00,6,121),(1122,1.00,6,122),(1123,1.00,6,123),(1124,1.00,6,124),(1125,1.00,6,125),(1126,1.00,6,126),(1127,1.00,6,127),(1128,1.00,6,128),(1129,1.00,6,129),(1130,1.00,6,130),(1131,1.00,6,131),(1132,1.00,6,132),(1133,1.00,6,133),(1134,1.00,6,134),(1135,1.00,6,135),(1136,1.00,6,136),(1137,1.00,6,137),(1138,1.00,6,138),(1139,1.00,6,139),(1140,1.00,6,140),(1141,1.00,6,141),(1142,1.00,6,142),(1143,1.00,6,143),(1144,1.00,6,144),(1145,1.00,6,145),(1146,1.00,6,146),(1147,1.00,6,147),(1148,1.00,6,148),(1149,1.00,6,149),(1150,1.00,6,150),(1151,1.00,6,151),(1152,1.00,6,152),(1153,1.00,6,153),(1154,1.00,6,154),(1155,1.00,6,155),(1156,1.00,6,156),(1157,1.00,6,157),(1158,1.00,6,158),(1159,1.00,6,159),(1160,1.00,6,160),(1161,1.00,6,161),(1162,1.00,6,162),(1163,1.00,6,163),(1164,1.00,6,164),(1165,1.00,6,165),(1166,1.00,6,166),(1167,1.00,6,167),(1168,1.00,6,168),(1169,1.00,6,169),(1170,1.00,6,170),(1171,1.00,6,171),(1172,1.00,6,172),(1173,1.00,6,173),(1174,1.00,6,174),(1175,1.00,6,175),(1176,1.00,6,176),(1177,1.00,6,177),(1178,1.00,6,178),(1179,1.00,6,179),(1180,1.00,6,180),(1181,1.00,6,181),(1182,1.00,6,182),(1183,1.00,6,183),(1184,1.00,6,184),(1185,1.00,6,185),(1186,1.00,6,186),(1187,1.00,6,187),(1188,1.00,6,188),(1189,1.00,6,189),(1190,1.00,6,190),(1191,1.00,6,191),(1192,1.00,6,192),(1193,1.00,6,193),(1194,1.00,6,194),(1195,1.00,6,195),(1196,1.00,6,196),(1197,1.00,6,197),(1198,1.00,6,198),(1199,1.00,6,199),(1200,1.00,6,200),(1201,1.00,7,1),(1202,1.00,7,2),(1203,1.00,7,3),(1204,1.00,7,4),(1205,1.00,7,5),(1206,1.00,7,6),(1207,1.00,7,7),(1208,1.00,7,8),(1209,1.00,7,9),(1210,1.00,7,10),(1211,1.00,7,11),(1212,1.00,7,12),(1213,1.00,7,13),(1214,1.00,7,14),(1215,1.00,7,15),(1216,1.00,7,16),(1217,1.00,7,17),(1218,1.00,7,18),(1219,1.00,7,19),(1220,1.00,7,20),(1221,1.00,7,21),(1222,1.00,7,22),(1223,1.00,7,23),(1224,1.00,7,24),(1225,1.00,7,25),(1226,1.00,7,26),(1227,1.00,7,27),(1228,1.00,7,28),(1229,1.00,7,29),(1230,1.00,7,30),(1231,1.00,7,31),(1232,1.00,7,32),(1233,1.00,7,33),(1234,1.00,7,34),(1235,1.00,7,35),(1236,1.00,7,36),(1237,1.00,7,37),(1238,1.00,7,38),(1239,1.00,7,39),(1240,1.00,7,40),(1241,1.00,7,41),(1242,1.00,7,42),(1243,1.00,7,43),(1244,1.00,7,44),(1245,1.00,7,45),(1246,1.00,7,46),(1247,1.00,7,47),(1248,1.00,7,48),(1249,1.00,7,49),(1250,1.00,7,50),(1251,1.00,7,51),(1252,1.00,7,52),(1253,1.00,7,53),(1254,1.00,7,54),(1255,1.00,7,55),(1256,1.00,7,56),(1257,1.00,7,57),(1258,1.00,7,58),(1259,1.00,7,59),(1260,1.00,7,60),(1261,1.00,7,61),(1262,1.00,7,62),(1263,1.00,7,63),(1264,1.00,7,64),(1265,1.00,7,65),(1266,1.00,7,66),(1267,1.00,7,67),(1268,1.00,7,68),(1269,1.00,7,69),(1270,1.00,7,70),(1271,1.00,7,71),(1272,1.00,7,72),(1273,1.00,7,73),(1274,1.00,7,74),(1275,1.00,7,75),(1276,1.00,7,76),(1277,1.00,7,77),(1278,1.00,7,78),(1279,1.00,7,79),(1280,1.00,7,80),(1281,1.00,7,81),(1282,1.00,7,82),(1283,1.00,7,83),(1284,1.00,7,84),(1285,1.00,7,85),(1286,1.00,7,86),(1287,1.00,7,87),(1288,1.00,7,88),(1289,1.00,7,89),(1290,1.00,7,90),(1291,1.00,7,91),(1292,1.00,7,92),(1293,1.00,7,93),(1294,1.00,7,94),(1295,1.00,7,95),(1296,1.00,7,96),(1297,1.00,7,97),(1298,1.00,7,98),(1299,1.00,7,99),(1300,1.00,7,100),(1301,1.00,7,101),(1302,1.00,7,102),(1303,1.00,7,103),(1304,1.00,7,104),(1305,1.00,7,105),(1306,1.00,7,106),(1307,1.00,7,107),(1308,1.00,7,108),(1309,1.00,7,109),(1310,1.00,7,110),(1311,1.00,7,111),(1312,1.00,7,112),(1313,1.00,7,113),(1314,1.00,7,114),(1315,1.00,7,115),(1316,1.00,7,116),(1317,1.00,7,117),(1318,1.00,7,118),(1319,1.00,7,119),(1320,1.00,7,120),(1321,1.00,7,121),(1322,1.00,7,122),(1323,1.00,7,123),(1324,1.00,7,124),(1325,1.00,7,125),(1326,1.00,7,126),(1327,1.00,7,127),(1328,1.00,7,128),(1329,1.00,7,129),(1330,1.00,7,130),(1331,1.00,7,131),(1332,1.00,7,132),(1333,1.00,7,133),(1334,1.00,7,134),(1335,1.00,7,135),(1336,1.00,7,136),(1337,1.00,7,137),(1338,1.00,7,138),(1339,1.00,7,139),(1340,1.00,7,140),(1341,1.00,7,141),(1342,1.00,7,142),(1343,1.00,7,143),(1344,1.00,7,144),(1345,1.00,7,145),(1346,1.00,7,146),(1347,1.00,7,147),(1348,1.00,7,148),(1349,1.00,7,149),(1350,1.00,7,150),(1351,1.00,7,151),(1352,1.00,7,152),(1353,1.00,7,153),(1354,1.00,7,154),(1355,1.00,7,155),(1356,1.00,7,156),(1357,1.00,7,157),(1358,1.00,7,158),(1359,1.00,7,159),(1360,1.00,7,160),(1361,1.00,7,161),(1362,1.00,7,162),(1363,1.00,7,163),(1364,1.00,7,164),(1365,1.00,7,165),(1366,1.00,7,166),(1367,1.00,7,167),(1368,1.00,7,168),(1369,1.00,7,169),(1370,1.00,7,170),(1371,1.00,7,171),(1372,1.00,7,172),(1373,1.00,7,173),(1374,1.00,7,174),(1375,1.00,7,175),(1376,1.00,7,176),(1377,1.00,7,177),(1378,1.00,7,178),(1379,1.00,7,179),(1380,1.00,7,180),(1381,1.00,7,181),(1382,1.00,7,182),(1383,1.00,7,183),(1384,1.00,7,184),(1385,1.00,7,185),(1386,1.00,7,186),(1387,1.00,7,187),(1388,1.00,7,188),(1389,1.00,7,189),(1390,1.00,7,190),(1391,1.00,7,191),(1392,1.00,7,192),(1393,1.00,7,193),(1394,1.00,7,194),(1395,1.00,7,195),(1396,1.00,7,196),(1397,1.00,7,197),(1398,1.00,7,198),(1399,1.00,7,199),(1400,1.00,7,200),(1401,1.00,8,1),(1402,1.00,8,2),(1403,1.00,8,3),(1404,1.00,8,4),(1405,1.00,8,5),(1406,1.00,8,6),(1407,1.00,8,7),(1408,1.00,8,8),(1409,1.00,8,9),(1410,1.00,8,10),(1411,1.00,8,11),(1412,1.00,8,12),(1413,1.00,8,13),(1414,1.00,8,14),(1415,1.00,8,15),(1416,1.00,8,16),(1417,1.00,8,17),(1418,1.00,8,18),(1419,1.00,8,19),(1420,1.00,8,20),(1421,1.00,8,21),(1422,1.00,8,22),(1423,1.00,8,23),(1424,1.00,8,24),(1425,1.00,8,25),(1426,1.00,8,26),(1427,1.00,8,27),(1428,1.00,8,28),(1429,1.00,8,29),(1430,1.00,8,30),(1431,1.00,8,31),(1432,1.00,8,32),(1433,1.00,8,33),(1434,1.00,8,34),(1435,1.00,8,35),(1436,1.00,8,36),(1437,1.00,8,37),(1438,1.00,8,38),(1439,1.00,8,39),(1440,1.00,8,40),(1441,1.00,8,41),(1442,1.00,8,42),(1443,1.00,8,43),(1444,1.00,8,44),(1445,1.00,8,45),(1446,1.00,8,46),(1447,1.00,8,47),(1448,1.00,8,48),(1449,1.00,8,49),(1450,1.00,8,50),(1451,1.00,8,51),(1452,1.00,8,52),(1453,1.00,8,53),(1454,1.00,8,54),(1455,1.00,8,55),(1456,1.00,8,56),(1457,1.00,8,57),(1458,1.00,8,58),(1459,1.00,8,59),(1460,1.00,8,60),(1461,1.00,8,61),(1462,1.00,8,62),(1463,1.00,8,63),(1464,1.00,8,64),(1465,1.00,8,65),(1466,1.00,8,66),(1467,1.00,8,67),(1468,1.00,8,68),(1469,1.00,8,69),(1470,1.00,8,70),(1471,1.00,8,71),(1472,1.00,8,72),(1473,1.00,8,73),(1474,1.00,8,74),(1475,1.00,8,75),(1476,1.00,8,76),(1477,1.00,8,77),(1478,1.00,8,78),(1479,1.00,8,79),(1480,1.00,8,80),(1481,1.00,8,81),(1482,1.00,8,82),(1483,1.00,8,83),(1484,1.00,8,84),(1485,1.00,8,85),(1486,1.00,8,86),(1487,1.00,8,87),(1488,1.00,8,88),(1489,1.00,8,89),(1490,1.00,8,90),(1491,1.00,8,91),(1492,1.00,8,92),(1493,1.00,8,93),(1494,1.00,8,94),(1495,1.00,8,95),(1496,1.00,8,96),(1497,1.00,8,97),(1498,1.00,8,98),(1499,1.00,8,99),(1500,1.00,8,100),(1501,1.00,8,101),(1502,1.00,8,102),(1503,1.00,8,103),(1504,1.00,8,104),(1505,1.00,8,105),(1506,1.00,8,106),(1507,1.00,8,107),(1508,1.00,8,108),(1509,1.00,8,109),(1510,1.00,8,110),(1511,1.00,8,111),(1512,1.00,8,112),(1513,1.00,8,113),(1514,1.00,8,114),(1515,1.00,8,115),(1516,1.00,8,116),(1517,1.00,8,117),(1518,1.00,8,118),(1519,1.00,8,119),(1520,1.00,8,120),(1521,1.00,8,121),(1522,1.00,8,122),(1523,1.00,8,123),(1524,1.00,8,124),(1525,1.00,8,125),(1526,1.00,8,126),(1527,1.00,8,127),(1528,1.00,8,128),(1529,1.00,8,129),(1530,1.00,8,130),(1531,1.00,8,131),(1532,1.00,8,132),(1533,1.00,8,133),(1534,1.00,8,134),(1535,1.00,8,135),(1536,1.00,8,136),(1537,1.00,8,137),(1538,1.00,8,138),(1539,1.00,8,139),(1540,1.00,8,140),(1541,1.00,8,141),(1542,1.00,8,142),(1543,1.00,8,143),(1544,1.00,8,144),(1545,1.00,8,145),(1546,1.00,8,146),(1547,1.00,8,147),(1548,1.00,8,148),(1549,1.00,8,149),(1550,1.00,8,150),(1551,1.00,8,151),(1552,1.00,8,152),(1553,1.00,8,153),(1554,1.00,8,154),(1555,1.00,8,155),(1556,1.00,8,156),(1557,1.00,8,157),(1558,1.00,8,158),(1559,1.00,8,159),(1560,1.00,8,160),(1561,1.00,8,161),(1562,1.00,8,162),(1563,1.00,8,163),(1564,1.00,8,164),(1565,1.00,8,165),(1566,1.00,8,166),(1567,1.00,8,167),(1568,1.00,8,168),(1569,1.00,8,169),(1570,1.00,8,170),(1571,1.00,8,171),(1572,1.00,8,172),(1573,1.00,8,173),(1574,1.00,8,174),(1575,1.00,8,175),(1576,1.00,8,176),(1577,1.00,8,177),(1578,1.00,8,178),(1579,1.00,8,179),(1580,1.00,8,180),(1581,1.00,8,181),(1582,1.00,8,182),(1583,1.00,8,183),(1584,1.00,8,184),(1585,1.00,8,185),(1586,1.00,8,186),(1587,1.00,8,187),(1588,1.00,8,188),(1589,1.00,8,189),(1590,1.00,8,190),(1591,1.00,8,191),(1592,1.00,8,192),(1593,1.00,8,193),(1594,1.00,8,194),(1595,1.00,8,195),(1596,1.00,8,196),(1597,1.00,8,197),(1598,1.00,8,198),(1599,1.00,8,199),(1600,1.00,8,200),(1601,1.00,1,201),(1602,1.00,2,201),(1603,1.00,3,201),(1604,1.00,4,201),(1605,1.00,5,201),(1606,1.00,6,201),(1607,1.00,7,201),(1608,1.00,8,201),(1609,1.00,1,202),(1610,1.00,2,202),(1611,1.00,3,202),(1612,1.00,4,202),(1613,1.00,5,202),(1614,1.00,6,202),(1615,1.00,7,202),(1616,1.00,8,202),(1617,1.00,1,203),(1618,1.00,2,203),(1619,1.00,3,203),(1620,1.00,4,203),(1621,1.00,5,203),(1622,1.00,6,203),(1623,1.00,7,203),(1624,1.00,8,203),(1625,0.60,1,204),(1626,1.00,2,204),(1627,1.00,3,204),(1628,1.00,4,204),(1629,1.00,5,204),(1630,1.00,6,204),(1631,1.00,7,204),(1632,1.00,8,204),(1633,1.00,1,205),(1634,1.00,2,205),(1635,1.00,3,205),(1636,1.00,4,205),(1637,1.00,5,205),(1638,1.00,6,205),(1639,1.00,7,205),(1640,1.00,8,205),(1641,1.00,1,206),(1642,1.00,2,206),(1643,1.00,3,206),(1644,1.00,4,206),(1645,1.00,5,206),(1646,1.00,6,206),(1647,1.00,7,206),(1648,1.00,8,206),(1649,2.40,1,207),(1650,1.00,2,207),(1651,1.00,3,207),(1652,1.00,4,207),(1653,1.00,5,207),(1654,1.00,6,207),(1655,1.00,7,207),(1656,1.00,8,207),(1657,1.44,1,208),(1658,1.00,2,208),(1659,1.00,3,208),(1660,1.00,4,208),(1661,1.00,5,208),(1662,1.00,6,208),(1663,1.00,7,208),(1664,1.00,8,208),(1665,2.40,1,209),(1666,1.00,2,209),(1667,1.00,3,209),(1668,1.00,4,209),(1669,1.00,5,209),(1670,1.00,6,209),(1671,1.00,7,209),(1672,1.00,8,209),(1673,2.40,1,210),(1674,1.00,2,210),(1675,1.00,3,210),(1676,1.00,4,210),(1677,1.00,5,210),(1678,1.00,6,210),(1679,1.00,7,210),(1680,1.00,8,210),(1681,0.52,1,211),(1682,1.00,2,211),(1683,1.00,3,211),(1684,1.00,4,211),(1685,1.00,5,211),(1686,1.00,6,211),(1687,1.00,7,211),(1688,1.00,8,211),(1689,2.40,1,212),(1690,1.00,2,212),(1691,1.00,3,212),(1692,1.00,4,212),(1693,1.00,5,212),(1694,1.00,6,212),(1695,1.00,7,212),(1696,1.00,8,212),(1697,2.40,1,213),(1698,1.00,2,213),(1699,1.00,3,213),(1700,1.00,4,213),(1701,1.00,5,213),(1702,1.00,6,213),(1703,1.00,7,213),(1704,1.00,8,213),(1729,1.00,1,217),(1730,1.00,2,217),(1731,1.00,3,217),(1732,1.00,4,217),(1733,1.00,5,217),(1734,1.00,6,217),(1735,1.00,7,217),(1736,1.00,8,217),(1737,1.00,1,218),(1738,1.00,2,218),(1739,1.00,3,218),(1740,1.00,4,218),(1741,1.00,5,218),(1742,1.00,6,218),(1743,1.00,7,218),(1744,1.00,8,218),(1745,1.00,1,219),(1746,1.00,2,219),(1747,1.00,3,219),(1748,1.00,4,219),(1749,1.00,5,219),(1750,1.00,6,219),(1751,1.00,7,219),(1752,1.00,8,219),(1753,1.00,1,220),(1754,1.00,2,220),(1755,1.00,3,220),(1756,1.00,4,220),(1757,1.00,5,220),(1758,1.00,6,220),(1759,1.00,7,220),(1760,1.00,8,220),(1761,0.36,1,221),(1762,1.00,2,221),(1763,1.00,3,221),(1764,1.00,4,221),(1765,1.00,5,221),(1766,1.00,6,221),(1767,1.00,7,221),(1768,1.00,8,221),(1769,1.00,1,222),(1770,1.00,2,222),(1771,1.00,3,222),(1772,1.00,4,222),(1773,1.00,5,222),(1774,1.00,6,222),(1775,1.00,7,222),(1776,1.00,8,222),(1777,0.60,1,223),(1778,1.00,2,223),(1779,1.00,3,223),(1780,1.00,4,223),(1781,1.00,5,223),(1782,1.00,6,223),(1783,1.00,7,223),(1784,1.00,8,223),(1785,0.72,1,224),(1786,1.00,2,224),(1787,1.00,3,224),(1788,1.00,4,224),(1789,1.00,5,224),(1790,1.00,6,224),(1791,1.00,7,224),(1792,1.00,8,224),(1793,0.22,1,225),(1794,1.00,2,225),(1795,1.00,3,225),(1796,1.00,4,225),(1797,1.00,5,225),(1798,1.00,6,225),(1799,1.00,7,225),(1800,1.00,8,225),(1801,0.22,1,226),(1802,1.00,2,226),(1803,1.00,3,226),(1804,1.00,4,226),(1805,1.00,5,226),(1806,1.00,6,226),(1807,1.00,7,226),(1808,1.00,8,226),(1809,0.13,1,227),(1810,1.00,2,227),(1811,1.00,3,227),(1812,1.00,4,227),(1813,1.00,5,227),(1814,1.00,6,227),(1815,1.00,7,227),(1816,1.00,8,227),(1817,0.22,1,228),(1818,2.00,2,228),(1819,1.00,3,228),(1820,1.00,4,228),(1821,1.00,5,228),(1822,1.00,6,228),(1823,1.00,7,228),(1824,1.00,8,228),(1825,16.00,1,229),(1826,1.00,2,229),(1827,1.00,3,229),(1828,1.00,4,229),(1829,1.00,5,229),(1830,1.00,6,229),(1831,1.00,7,229),(1832,1.00,8,229),(1833,9.60,1,230),(1834,2.00,2,230),(1835,1.00,3,230),(1836,1.00,4,230),(1837,1.00,5,230),(1838,1.00,6,230),(1839,1.00,7,230),(1840,1.00,8,230),(1841,0.72,1,231),(1842,1.00,2,231),(1843,1.00,3,231),(1844,1.00,4,231),(1845,1.00,5,231),(1846,1.00,6,231),(1847,1.00,7,231),(1848,1.00,8,231),(1849,0.22,1,232),(1850,1.00,2,232),(1851,1.00,3,232),(1852,1.00,4,232),(1853,1.00,5,232),(1854,1.00,6,232),(1855,1.00,7,232),(1856,1.00,8,232),(1857,0.22,1,233),(1858,1.00,2,233),(1859,1.00,3,233),(1860,1.00,4,233),(1861,1.00,5,233),(1862,1.00,6,233),(1863,1.00,7,233),(1864,1.00,8,233),(1865,2.40,1,234),(1866,1.00,2,234),(1867,1.00,3,234),(1868,1.00,4,234),(1869,1.00,5,234),(1870,1.00,6,234),(1871,1.00,7,234),(1872,1.00,8,234),(1881,1.00,1,236),(1882,2.00,2,236),(1883,1.00,3,236),(1884,1.00,4,236),(1885,1.00,5,236),(1886,1.00,6,236),(1887,1.00,7,236),(1888,1.00,8,236),(1889,1.00,1,237),(1890,0.60,2,237),(1891,1.00,3,237),(1892,1.00,4,237),(1893,1.00,5,237),(1894,1.00,6,237),(1895,1.00,7,237),(1896,1.00,8,237),(1897,1.00,1,238),(1898,1.00,2,238),(1899,1.00,3,238),(1900,1.00,4,238),(1901,1.00,5,238),(1902,1.00,6,238),(1903,1.00,7,238),(1904,1.00,8,238),(1905,0.60,1,239),(1906,0.60,2,239),(1907,1.00,3,239),(1908,1.00,4,239),(1909,1.00,5,239),(1910,1.00,6,239),(1911,1.00,7,239),(1912,1.00,8,239),(1913,2.00,1,240),(1914,0.60,2,240),(1915,1.00,3,240),(1916,1.00,4,240),(1917,1.00,5,240),(1918,1.00,6,240),(1919,1.00,7,240),(1920,1.00,8,240),(1921,0.36,1,241),(1922,0.60,2,241),(1923,1.00,3,241),(1924,1.00,4,241),(1925,1.00,5,241),(1926,1.00,6,241),(1927,1.00,7,241),(1928,1.00,8,241),(1929,0.60,1,242),(1930,0.60,2,242),(1931,1.00,3,242),(1932,1.00,4,242),(1933,1.00,5,242),(1934,1.00,6,242),(1935,1.00,7,242),(1936,1.00,8,242),(1945,1.00,9,1),(1946,1.00,9,2),(1947,1.00,9,3),(1948,1.00,9,4),(1949,1.00,9,5),(1950,1.00,9,6),(1951,1.00,9,7),(1952,1.00,9,8),(1953,1.00,9,9),(1954,1.00,9,10),(1955,1.00,9,11),(1956,1.00,9,12),(1957,1.00,9,13),(1958,1.00,9,14),(1959,1.00,9,15),(1960,1.00,9,16),(1961,1.00,9,17),(1962,1.00,9,18),(1963,1.00,9,19),(1964,1.00,9,20),(1965,1.00,9,21),(1966,1.00,9,22),(1967,1.00,9,23),(1968,1.00,9,24),(1969,1.00,9,25),(1970,1.00,9,26),(1971,1.00,9,27),(1972,1.00,9,28),(1973,1.00,9,29),(1974,1.00,9,30),(1975,1.00,9,31),(1976,1.00,9,32),(1977,1.00,9,33),(1978,1.00,9,34),(1979,1.00,9,35),(1980,1.00,9,36),(1981,1.00,9,37),(1982,1.00,9,38),(1983,1.00,9,39),(1984,1.00,9,40),(1985,1.00,9,41),(1986,1.00,9,42),(1987,1.00,9,43),(1988,1.00,9,44),(1989,1.00,9,45),(1990,1.00,9,46),(1991,1.00,9,47),(1992,1.00,9,48),(1993,1.00,9,49),(1994,1.00,9,50),(1995,1.00,9,51),(1996,1.00,9,52),(1997,1.00,9,53),(1998,1.00,9,54),(1999,1.00,9,55),(2000,1.00,9,56),(2001,1.00,9,57),(2002,1.00,9,58),(2003,1.00,9,59),(2004,1.00,9,60),(2005,1.00,9,61),(2006,1.00,9,62),(2007,1.00,9,63),(2008,1.00,9,64),(2009,1.00,9,65),(2010,1.00,9,66),(2011,1.00,9,67),(2012,1.00,9,68),(2013,1.00,9,69),(2014,1.00,9,70),(2015,1.00,9,71),(2016,1.00,9,72),(2017,1.00,9,73),(2018,1.00,9,74),(2019,1.00,9,75),(2020,1.00,9,76),(2021,1.00,9,77),(2022,1.00,9,78),(2023,1.00,9,79),(2024,1.00,9,80),(2025,1.00,9,81),(2026,1.00,9,82),(2027,1.00,9,83),(2028,1.00,9,84),(2029,1.00,9,85),(2030,1.00,9,86),(2031,1.00,9,87),(2032,1.00,9,88),(2033,1.00,9,89),(2034,1.00,9,90),(2035,1.00,9,91),(2036,1.00,9,92),(2037,1.00,9,93),(2038,1.00,9,94),(2039,1.00,9,95),(2040,1.00,9,96),(2041,1.00,9,97),(2042,1.00,9,98),(2043,1.00,9,99),(2044,1.00,9,100),(2045,1.00,9,101),(2046,1.00,9,102),(2047,1.00,9,103),(2048,1.00,9,104),(2049,1.00,9,105),(2050,1.00,9,106),(2051,1.00,9,107),(2052,1.00,9,108),(2053,1.00,9,109),(2054,1.00,9,110),(2055,1.00,9,111),(2056,1.00,9,112),(2057,1.00,9,113),(2058,1.00,9,114),(2059,1.00,9,115),(2060,1.00,9,116),(2061,1.00,9,117),(2062,1.00,9,118),(2063,1.00,9,119),(2064,1.00,9,120),(2065,1.00,9,121),(2066,1.00,9,122),(2067,1.00,9,123),(2068,1.00,9,124),(2069,1.00,9,125),(2070,1.00,9,126),(2071,1.00,9,127),(2072,1.00,9,128),(2073,1.00,9,129),(2074,1.00,9,130),(2075,1.00,9,131),(2076,1.00,9,132),(2077,1.00,9,133),(2078,1.00,9,134),(2079,1.00,9,135),(2080,1.00,9,136),(2081,1.00,9,137),(2082,1.00,9,138),(2083,1.00,9,139),(2084,1.00,9,140),(2085,1.00,9,141),(2086,1.00,9,142),(2087,1.00,9,143),(2088,1.00,9,144),(2089,1.00,9,145),(2090,1.00,9,146),(2091,1.00,9,147),(2092,1.00,9,148),(2093,1.00,9,149),(2094,1.00,9,150),(2095,1.00,9,151),(2096,1.00,9,152),(2097,1.00,9,153),(2098,1.00,9,154),(2099,1.00,9,155),(2100,1.00,9,156),(2101,1.00,9,157),(2102,1.00,9,158),(2103,1.00,9,159),(2104,1.00,9,160),(2105,1.00,9,161),(2106,1.00,9,162),(2107,1.00,9,163),(2108,1.00,9,164),(2109,1.00,9,165),(2110,1.00,9,166),(2111,1.00,9,167),(2112,1.00,9,168),(2113,1.00,9,169),(2114,1.00,9,170),(2115,1.00,9,171),(2116,1.00,9,172),(2117,1.00,9,173),(2118,1.00,9,174),(2119,1.00,9,175),(2120,1.00,9,176),(2121,1.00,9,177),(2122,1.00,9,178),(2123,1.00,9,179),(2124,1.00,9,180),(2125,1.00,9,181),(2126,1.00,9,182),(2127,1.00,9,183),(2128,1.00,9,184),(2129,1.00,9,185),(2130,1.00,9,186),(2131,1.00,9,187),(2132,1.00,9,188),(2133,1.00,9,189),(2134,1.00,9,190),(2135,1.00,9,191),(2136,1.00,9,192),(2137,1.00,9,193),(2138,1.00,9,194),(2139,1.00,9,195),(2140,1.00,9,196),(2141,1.00,9,197),(2142,1.00,9,198),(2143,1.00,9,199),(2144,1.00,9,200),(2145,1.00,9,201),(2146,1.00,9,202),(2147,1.00,9,203),(2148,1.00,9,204),(2149,1.00,9,205),(2150,1.00,9,206),(2151,1.00,9,207),(2152,1.00,9,208),(2153,1.00,9,209),(2154,1.00,9,210),(2155,1.00,9,211),(2156,1.00,9,212),(2157,1.00,9,213),(2158,1.00,9,217),(2159,1.00,9,218),(2160,1.00,9,219),(2161,1.00,9,220),(2162,1.00,9,221),(2163,1.00,9,222),(2164,1.00,9,223),(2165,1.00,9,224),(2166,1.00,9,225),(2167,1.00,9,226),(2168,1.00,9,227),(2169,1.00,9,228),(2170,1.00,9,229),(2171,1.00,9,230),(2172,1.00,9,231),(2173,1.00,9,232),(2174,1.00,9,233),(2175,1.00,9,234),(2177,1.00,9,236),(2178,1.00,9,237),(2179,1.00,9,238),(2180,1.00,9,239),(2181,1.00,9,240),(2182,1.00,9,241),(2183,1.00,9,242),(2184,1.00,10,1),(2185,1.00,10,2),(2186,1.00,10,3),(2187,1.00,10,4),(2188,1.00,10,5),(2189,1.00,10,6),(2190,1.00,10,7),(2191,1.00,10,8),(2192,1.00,10,9),(2193,1.00,10,10),(2194,1.00,10,11),(2195,1.00,10,12),(2196,1.00,10,13),(2197,1.00,10,14),(2198,1.00,10,15),(2199,1.00,10,16),(2200,1.00,10,17),(2201,1.00,10,18),(2202,1.00,10,19),(2203,1.00,10,20),(2204,1.00,10,21),(2205,1.00,10,22),(2206,1.00,10,23),(2207,1.00,10,24),(2208,1.00,10,25),(2209,1.00,10,26),(2210,1.00,10,27),(2211,1.00,10,28),(2212,1.00,10,29),(2213,1.00,10,30),(2214,1.00,10,31),(2215,1.00,10,32),(2216,1.00,10,33),(2217,1.00,10,34),(2218,1.00,10,35),(2219,1.00,10,36),(2220,1.00,10,37),(2221,1.00,10,38),(2222,1.00,10,39),(2223,1.00,10,40),(2224,1.00,10,41),(2225,1.00,10,42),(2226,1.00,10,43),(2227,1.00,10,44),(2228,1.00,10,45),(2229,1.00,10,46),(2230,1.00,10,47),(2231,1.00,10,48),(2232,1.00,10,49),(2233,1.00,10,50),(2234,1.00,10,51),(2235,1.00,10,52),(2236,1.00,10,53),(2237,1.00,10,54),(2238,1.00,10,55),(2239,1.00,10,56),(2240,1.00,10,57),(2241,1.00,10,58),(2242,1.00,10,59),(2243,1.00,10,60),(2244,1.00,10,61),(2245,1.00,10,62),(2246,1.00,10,63),(2247,1.00,10,64),(2248,1.00,10,65),(2249,1.00,10,66),(2250,1.00,10,67),(2251,1.00,10,68),(2252,1.00,10,69),(2253,1.00,10,70),(2254,1.00,10,71),(2255,1.00,10,72),(2256,1.00,10,73),(2257,1.00,10,74),(2258,1.00,10,75),(2259,1.00,10,76),(2260,1.00,10,77),(2261,1.00,10,78),(2262,1.00,10,79),(2263,1.00,10,80),(2264,1.00,10,81),(2265,1.00,10,82),(2266,1.00,10,83),(2267,1.00,10,84),(2268,1.00,10,85),(2269,1.00,10,86),(2270,1.00,10,87),(2271,1.00,10,88),(2272,1.00,10,89),(2273,1.00,10,90),(2274,1.00,10,91),(2275,1.00,10,92),(2276,1.00,10,93),(2277,1.00,10,94),(2278,1.00,10,95),(2279,1.00,10,96),(2280,1.00,10,97),(2281,1.00,10,98),(2282,1.00,10,99),(2283,1.00,10,100),(2284,1.00,10,101),(2285,1.00,10,102),(2286,1.00,10,103),(2287,1.00,10,104),(2288,1.00,10,105),(2289,1.00,10,106),(2290,1.00,10,107),(2291,1.00,10,108),(2292,1.00,10,109),(2293,1.00,10,110),(2294,1.00,10,111),(2295,1.00,10,112),(2296,1.00,10,113),(2297,1.00,10,114),(2298,1.00,10,115),(2299,1.00,10,116),(2300,1.00,10,117),(2301,1.00,10,118),(2302,1.00,10,119),(2303,1.00,10,120),(2304,1.00,10,121),(2305,1.00,10,122),(2306,1.00,10,123),(2307,1.00,10,124),(2308,1.00,10,125),(2309,1.00,10,126),(2310,1.00,10,127),(2311,1.00,10,128),(2312,1.00,10,129),(2313,1.00,10,130),(2314,1.00,10,131),(2315,1.00,10,132),(2316,1.00,10,133),(2317,1.00,10,134),(2318,1.00,10,135),(2319,1.00,10,136),(2320,1.00,10,137),(2321,1.00,10,138),(2322,1.00,10,139),(2323,1.00,10,140),(2324,1.00,10,141),(2325,1.00,10,142),(2326,1.00,10,143),(2327,1.00,10,144),(2328,1.00,10,145),(2329,1.00,10,146),(2330,1.00,10,147),(2331,1.00,10,148),(2332,1.00,10,149),(2333,1.00,10,150),(2334,1.00,10,151),(2335,1.00,10,152),(2336,1.00,10,153),(2337,1.00,10,154),(2338,1.00,10,155),(2339,1.00,10,156),(2340,1.00,10,157),(2341,1.00,10,158),(2342,1.00,10,159),(2343,1.00,10,160),(2344,1.00,10,161),(2345,1.00,10,162),(2346,1.00,10,163),(2347,1.00,10,164),(2348,1.00,10,165),(2349,1.00,10,166),(2350,1.00,10,167),(2351,1.00,10,168),(2352,1.00,10,169),(2353,1.00,10,170),(2354,1.00,10,171),(2355,1.00,10,172),(2356,1.00,10,173),(2357,1.00,10,174),(2358,1.00,10,175),(2359,1.00,10,176),(2360,1.00,10,177),(2361,1.00,10,178),(2362,1.00,10,179),(2363,1.00,10,180),(2364,1.00,10,181),(2365,1.00,10,182),(2366,1.00,10,183),(2367,1.00,10,184),(2368,1.00,10,185),(2369,1.00,10,186),(2370,1.00,10,187),(2371,1.00,10,188),(2372,1.00,10,189),(2373,1.00,10,190),(2374,1.00,10,191),(2375,1.00,10,192),(2376,1.00,10,193),(2377,1.00,10,194),(2378,1.00,10,195),(2379,1.00,10,196),(2380,1.00,10,197),(2381,1.00,10,198),(2382,1.00,10,199),(2383,1.00,10,200),(2384,1.00,10,201),(2385,1.00,10,202),(2386,1.00,10,203),(2387,1.00,10,204),(2388,1.00,10,205),(2389,1.00,10,206),(2390,1.00,10,207),(2391,1.00,10,208),(2392,1.00,10,209),(2393,1.00,10,210),(2394,1.00,10,211),(2395,1.00,10,212),(2396,1.00,10,213),(2397,1.00,10,217),(2398,1.00,10,218),(2399,1.00,10,219),(2400,1.00,10,220),(2401,1.00,10,221),(2402,1.00,10,222),(2403,1.00,10,223),(2404,1.00,10,224),(2405,1.00,10,225),(2406,1.00,10,226),(2407,1.00,10,227),(2408,1.00,10,228),(2409,1.00,10,229),(2410,1.00,10,230),(2411,1.00,10,231),(2412,1.00,10,232),(2413,1.00,10,233),(2414,1.00,10,234),(2416,1.00,10,236),(2417,1.00,10,237),(2418,1.00,10,238),(2419,1.00,10,239),(2420,1.00,10,240),(2421,1.00,10,241),(2422,1.00,10,242),(2423,1.00,11,1),(2424,1.00,11,2),(2425,1.00,11,3),(2426,1.00,11,4),(2427,1.00,11,5),(2428,1.00,11,6),(2429,1.00,11,7),(2430,1.00,11,8),(2431,1.00,11,9),(2432,1.00,11,10),(2433,1.00,11,11),(2434,1.00,11,12),(2435,1.00,11,13),(2436,1.00,11,14),(2437,1.00,11,15),(2438,1.00,11,16),(2439,1.00,11,17),(2440,1.00,11,18),(2441,1.00,11,19),(2442,1.00,11,20),(2443,1.00,11,21),(2444,1.00,11,22),(2445,1.00,11,23),(2446,1.00,11,24),(2447,1.00,11,25),(2448,1.00,11,26),(2449,1.00,11,27),(2450,1.00,11,28),(2451,1.00,11,29),(2452,1.00,11,30),(2453,1.00,11,31),(2454,1.00,11,32),(2455,1.00,11,33),(2456,1.00,11,34),(2457,1.00,11,35),(2458,1.00,11,36),(2459,1.00,11,37),(2460,1.00,11,38),(2461,1.00,11,39),(2462,1.00,11,40),(2463,1.00,11,41),(2464,1.00,11,42),(2465,1.00,11,43),(2466,1.00,11,44),(2467,1.00,11,45),(2468,1.00,11,46),(2469,1.00,11,47),(2470,1.00,11,48),(2471,1.00,11,49),(2472,1.00,11,50),(2473,1.00,11,51),(2474,1.00,11,52),(2475,1.00,11,53),(2476,1.00,11,54),(2477,1.00,11,55),(2478,1.00,11,56),(2479,1.00,11,57),(2480,1.00,11,58),(2481,1.00,11,59),(2482,1.00,11,60),(2483,1.00,11,61),(2484,1.00,11,62),(2485,1.00,11,63),(2486,1.00,11,64),(2487,1.00,11,65),(2488,1.00,11,66),(2489,1.00,11,67),(2490,1.00,11,68),(2491,1.00,11,69),(2492,1.00,11,70),(2493,1.00,11,71),(2494,1.00,11,72),(2495,1.00,11,73),(2496,1.00,11,74),(2497,1.00,11,75),(2498,1.00,11,76),(2499,1.00,11,77),(2500,1.00,11,78),(2501,1.00,11,79),(2502,1.00,11,80),(2503,1.00,11,81),(2504,1.00,11,82),(2505,1.00,11,83),(2506,1.00,11,84),(2507,1.00,11,85),(2508,1.00,11,86),(2509,1.00,11,87),(2510,1.00,11,88),(2511,1.00,11,89),(2512,1.00,11,90),(2513,1.00,11,91),(2514,1.00,11,92),(2515,1.00,11,93),(2516,1.00,11,94),(2517,1.00,11,95),(2518,1.00,11,96),(2519,1.00,11,97),(2520,1.00,11,98),(2521,1.00,11,99),(2522,1.00,11,100),(2523,1.00,11,101),(2524,1.00,11,102),(2525,1.00,11,103),(2526,1.00,11,104),(2527,1.00,11,105),(2528,1.00,11,106),(2529,1.00,11,107),(2530,1.00,11,108),(2531,1.00,11,109),(2532,1.00,11,110),(2533,1.00,11,111),(2534,1.00,11,112),(2535,1.00,11,113),(2536,1.00,11,114),(2537,1.00,11,115),(2538,1.00,11,116),(2539,1.00,11,117),(2540,1.00,11,118),(2541,1.00,11,119),(2542,1.00,11,120),(2543,1.00,11,121),(2544,1.00,11,122),(2545,1.00,11,123),(2546,1.00,11,124),(2547,1.00,11,125),(2548,1.00,11,126),(2549,1.00,11,127),(2550,1.00,11,128),(2551,1.00,11,129),(2552,1.00,11,130),(2553,1.00,11,131),(2554,1.00,11,132),(2555,1.00,11,133),(2556,1.00,11,134),(2557,1.00,11,135),(2558,1.00,11,136),(2559,1.00,11,137),(2560,1.00,11,138),(2561,1.00,11,139),(2562,1.00,11,140),(2563,1.00,11,141),(2564,1.00,11,142),(2565,1.00,11,143),(2566,1.00,11,144),(2567,1.00,11,145),(2568,1.00,11,146),(2569,1.00,11,147),(2570,1.00,11,148),(2571,1.00,11,149),(2572,1.00,11,150),(2573,1.00,11,151),(2574,1.00,11,152),(2575,1.00,11,153),(2576,1.00,11,154),(2577,1.00,11,155),(2578,1.00,11,156),(2579,1.00,11,157),(2580,1.00,11,158),(2581,1.00,11,159),(2582,1.00,11,160),(2583,1.00,11,161),(2584,1.00,11,162),(2585,1.00,11,163),(2586,1.00,11,164),(2587,1.00,11,165),(2588,1.00,11,166),(2589,1.00,11,167),(2590,1.00,11,168),(2591,1.00,11,169),(2592,1.00,11,170),(2593,1.00,11,171),(2594,1.00,11,172),(2595,1.00,11,173),(2596,1.00,11,174),(2597,0.60,11,175),(2598,0.60,11,176),(2599,1.00,11,177),(2600,0.60,11,178),(2601,0.60,11,179),(2602,0.60,11,180),(2603,2.00,11,181),(2604,2.00,11,182),(2605,0.60,11,183),(2606,0.60,11,184),(2607,1.00,11,185),(2608,0.60,11,186),(2609,0.60,11,187),(2610,2.00,11,188),(2611,1.00,11,189),(2612,1.00,11,190),(2613,0.60,11,191),(2614,1.00,11,192),(2615,2.00,11,193),(2616,0.60,11,194),(2617,0.60,11,195),(2618,2.00,11,196),(2619,2.00,11,197),(2620,2.00,11,198),(2621,0.60,11,199),(2622,1.00,11,200),(2623,1.00,11,201),(2624,1.00,11,202),(2625,1.00,11,203),(2626,1.00,11,204),(2627,1.00,11,205),(2628,1.00,11,206),(2629,1.00,11,207),(2630,1.00,11,208),(2631,1.00,11,209),(2632,1.00,11,210),(2633,1.00,11,211),(2634,1.00,11,212),(2635,1.00,11,213),(2636,1.00,11,217),(2637,1.00,11,218),(2638,1.00,11,219),(2639,1.00,11,220),(2640,1.00,11,221),(2641,1.00,11,222),(2642,1.00,11,223),(2643,1.00,11,224),(2644,1.00,11,225),(2645,1.00,11,226),(2646,1.00,11,227),(2647,1.00,11,228),(2648,1.00,11,229),(2649,1.00,11,230),(2650,1.00,11,231),(2651,1.00,11,232),(2652,1.00,11,233),(2653,1.00,11,234),(2655,1.00,11,236),(2656,1.00,11,237),(2657,1.00,11,238),(2658,1.00,11,239),(2659,1.00,11,240),(2660,1.00,11,241),(2661,1.00,11,242),(2662,1.00,12,1),(2663,1.00,12,2),(2664,1.00,12,3),(2665,1.00,12,4),(2666,1.00,12,5),(2667,1.00,12,6),(2668,1.00,12,7),(2669,1.00,12,8),(2670,1.00,12,9),(2671,1.00,12,10),(2672,1.00,12,11),(2673,1.00,12,12),(2674,1.00,12,13),(2675,1.00,12,14),(2676,1.00,12,15),(2677,1.00,12,16),(2678,1.00,12,17),(2679,1.00,12,18),(2680,1.00,12,19),(2681,1.00,12,20),(2682,1.00,12,21),(2683,1.00,12,22),(2684,1.00,12,23),(2685,1.00,12,24),(2686,1.00,12,25),(2687,1.00,12,26),(2688,1.00,12,27),(2689,1.00,12,28),(2690,1.00,12,29),(2691,1.00,12,30),(2692,1.00,12,31),(2693,1.00,12,32),(2694,1.00,12,33),(2695,1.00,12,34),(2696,1.00,12,35),(2697,1.00,12,36),(2698,1.00,12,37),(2699,1.00,12,38),(2700,1.00,12,39),(2701,1.00,12,40),(2702,1.00,12,41),(2703,1.00,12,42),(2704,1.00,12,43),(2705,1.00,12,44),(2706,1.00,12,45),(2707,1.00,12,46),(2708,1.00,12,47),(2709,1.00,12,48),(2710,1.00,12,49),(2711,1.00,12,50),(2712,1.00,12,51),(2713,1.00,12,52),(2714,1.00,12,53),(2715,1.00,12,54),(2716,1.00,12,55),(2717,1.00,12,56),(2718,1.00,12,57),(2719,1.00,12,58),(2720,1.00,12,59),(2721,1.00,12,60),(2722,1.00,12,61),(2723,1.00,12,62),(2724,1.00,12,63),(2725,1.00,12,64),(2726,1.00,12,65),(2727,1.00,12,66),(2728,1.00,12,67),(2729,1.00,12,68),(2730,1.00,12,69),(2731,1.00,12,70),(2732,1.00,12,71),(2733,1.00,12,72),(2734,1.00,12,73),(2735,1.00,12,74),(2736,1.00,12,75),(2737,1.00,12,76),(2738,1.00,12,77),(2739,1.00,12,78),(2740,1.00,12,79),(2741,1.00,12,80),(2742,1.00,12,81),(2743,1.00,12,82),(2744,1.00,12,83),(2745,1.00,12,84),(2746,1.00,12,85),(2747,1.00,12,86),(2748,1.00,12,87),(2749,1.00,12,88),(2750,1.00,12,89),(2751,1.00,12,90),(2752,1.00,12,91),(2753,1.00,12,92),(2754,1.00,12,93),(2755,1.00,12,94),(2756,1.00,12,95),(2757,1.00,12,96),(2758,1.00,12,97),(2759,1.00,12,98),(2760,1.00,12,99),(2761,1.00,12,100),(2762,1.00,12,101),(2763,1.00,12,102),(2764,1.00,12,103),(2765,1.00,12,104),(2766,1.00,12,105),(2767,1.00,12,106),(2768,1.00,12,107),(2769,1.00,12,108),(2770,1.00,12,109),(2771,1.00,12,110),(2772,1.00,12,111),(2773,1.00,12,112),(2774,1.00,12,113),(2775,1.00,12,114),(2776,1.00,12,115),(2777,1.00,12,116),(2778,1.00,12,117),(2779,1.00,12,118),(2780,1.00,12,119),(2781,1.00,12,120),(2782,1.00,12,121),(2783,1.00,12,122),(2784,1.00,12,123),(2785,1.00,12,124),(2786,1.00,12,125),(2787,1.00,12,126),(2788,1.00,12,127),(2789,1.00,12,128),(2790,1.00,12,129),(2791,1.00,12,130),(2792,1.00,12,131),(2793,1.00,12,132),(2794,1.00,12,133),(2795,1.00,12,134),(2796,1.00,12,135),(2797,1.00,12,136),(2798,1.00,12,137),(2799,1.00,12,138),(2800,1.00,12,139),(2801,1.00,12,140),(2802,1.00,12,141),(2803,1.00,12,142),(2804,1.00,12,143),(2805,1.00,12,144),(2806,1.00,12,145),(2807,1.00,12,146),(2808,1.00,12,147),(2809,1.00,12,148),(2810,1.00,12,149),(2811,1.00,12,150),(2812,1.00,12,151),(2813,1.00,12,152),(2814,1.00,12,153),(2815,1.00,12,154),(2816,1.00,12,155),(2817,1.00,12,156),(2818,1.00,12,157),(2819,1.00,12,158),(2820,1.00,12,159),(2821,1.00,12,160),(2822,1.00,12,161),(2823,1.00,12,162),(2824,1.00,12,163),(2825,1.00,12,164),(2826,1.00,12,165),(2827,1.00,12,166),(2828,1.00,12,167),(2829,1.00,12,168),(2830,1.00,12,169),(2831,1.00,12,170),(2832,1.00,12,171),(2833,1.00,12,172),(2834,1.00,12,173),(2835,1.00,12,174),(2836,1.00,12,175),(2837,1.00,12,176),(2838,1.00,12,177),(2839,1.00,12,178),(2840,1.00,12,179),(2841,1.00,12,180),(2842,1.00,12,181),(2843,1.00,12,182),(2844,1.00,12,183),(2845,1.00,12,184),(2846,1.00,12,185),(2847,1.00,12,186),(2848,1.00,12,187),(2849,1.00,12,188),(2850,1.00,12,189),(2851,1.00,12,190),(2852,1.00,12,191),(2853,1.00,12,192),(2854,1.00,12,193),(2855,1.00,12,194),(2856,1.00,12,195),(2857,1.00,12,196),(2858,1.00,12,197),(2859,1.00,12,198),(2860,1.00,12,199),(2861,1.00,12,200),(2862,1.00,12,201),(2863,1.00,12,202),(2864,1.00,12,203),(2865,1.00,12,204),(2866,1.00,12,205),(2867,1.00,12,206),(2868,1.00,12,207),(2869,1.00,12,208),(2870,1.00,12,209),(2871,1.00,12,210),(2872,1.00,12,211),(2873,1.00,12,212),(2874,1.00,12,213),(2875,1.00,12,217),(2876,1.00,12,218),(2877,1.00,12,219),(2878,1.00,12,220),(2879,1.00,12,221),(2880,1.00,12,222),(2881,1.00,12,223),(2882,1.00,12,224),(2883,1.00,12,225),(2884,1.00,12,226),(2885,1.00,12,227),(2886,1.00,12,228),(2887,1.00,12,229),(2888,1.00,12,230),(2889,1.00,12,231),(2890,1.00,12,232),(2891,1.00,12,233),(2892,1.00,12,234),(2894,1.00,12,236),(2895,1.00,12,237),(2896,1.00,12,238),(2897,1.00,12,239),(2898,1.00,12,240),(2899,1.00,12,241),(2900,1.00,12,242),(2949,0.02,1,248),(2950,1.00,2,248),(2951,1.00,3,248),(2952,1.00,4,248),(2953,1.00,5,248),(2954,1.00,6,248),(2955,1.00,7,248),(2956,1.00,8,248),(2957,1.00,9,248),(2958,1.00,10,248),(2959,1.00,11,248),(2960,1.00,12,248),(2961,1.00,13,1),(2962,1.00,13,2),(2963,1.00,13,3),(2964,1.00,13,4),(2965,1.00,13,5),(2966,1.00,13,6),(2967,1.00,13,7),(2968,1.00,13,8),(2969,1.00,13,9),(2970,1.00,13,10),(2971,1.00,13,11),(2972,1.00,13,12),(2973,1.00,13,13),(2974,1.00,13,14),(2975,1.00,13,15),(2976,1.00,13,16),(2977,1.00,13,17),(2978,1.00,13,18),(2979,1.00,13,19),(2980,1.00,13,20),(2981,1.00,13,21),(2982,1.00,13,22),(2983,1.00,13,23),(2984,1.00,13,24),(2985,1.00,13,25),(2986,1.00,13,26),(2987,1.00,13,27),(2988,1.00,13,28),(2989,1.00,13,29),(2990,1.00,13,30),(2991,1.00,13,31),(2992,1.00,13,32),(2993,1.00,13,33),(2994,1.00,13,34),(2995,1.00,13,35),(2996,1.00,13,36),(2997,1.00,13,37),(2998,1.00,13,38),(2999,1.00,13,39),(3000,1.00,13,40),(3001,1.00,13,41),(3002,1.00,13,42),(3003,1.00,13,43),(3004,1.00,13,44),(3005,1.00,13,45),(3006,1.00,13,46),(3007,1.00,13,47),(3008,1.00,13,48),(3009,1.00,13,49),(3010,1.00,13,50),(3011,1.00,13,51),(3012,1.00,13,52),(3013,1.00,13,53),(3014,1.00,13,54),(3015,1.00,13,55),(3016,1.00,13,56),(3017,1.00,13,57),(3018,1.00,13,58),(3019,1.00,13,59),(3020,1.00,13,60),(3021,1.00,13,61),(3022,1.00,13,62),(3023,1.00,13,63),(3024,1.00,13,64),(3025,1.00,13,65),(3026,1.00,13,66),(3027,1.00,13,67),(3028,1.00,13,68),(3029,1.00,13,69),(3030,1.00,13,70),(3031,1.00,13,71),(3032,1.00,13,72),(3033,1.00,13,73),(3034,1.00,13,74),(3035,1.00,13,75),(3036,1.00,13,76),(3037,1.00,13,77),(3038,1.00,13,78),(3039,1.00,13,79),(3040,1.00,13,80),(3041,1.00,13,81),(3042,1.00,13,82),(3043,1.00,13,83),(3044,1.00,13,84),(3045,1.00,13,85),(3046,1.00,13,86),(3047,1.00,13,87),(3048,1.00,13,88),(3049,1.00,13,89),(3050,1.00,13,90),(3051,1.00,13,91),(3052,1.00,13,92),(3053,1.00,13,93),(3054,1.00,13,94),(3055,1.00,13,95),(3056,1.00,13,96),(3057,1.00,13,97),(3058,1.00,13,98),(3059,1.00,13,99),(3060,1.00,13,100),(3061,1.00,13,101),(3062,1.00,13,102),(3063,1.00,13,103),(3064,1.00,13,104),(3065,1.00,13,105),(3066,1.00,13,106),(3067,1.00,13,107),(3068,1.00,13,108),(3069,1.00,13,109),(3070,1.00,13,110),(3071,1.00,13,111),(3072,1.00,13,112),(3073,1.00,13,113),(3074,1.00,13,114),(3075,1.00,13,115),(3076,1.00,13,116),(3077,1.00,13,117),(3078,1.00,13,118),(3079,1.00,13,119),(3080,1.00,13,120),(3081,1.00,13,121),(3082,1.00,13,122),(3083,1.00,13,123),(3084,1.00,13,124),(3085,1.00,13,125),(3086,1.00,13,126),(3087,1.00,13,127),(3088,1.00,13,128),(3089,1.00,13,129),(3090,1.00,13,130),(3091,1.00,13,131),(3092,1.00,13,132),(3093,1.00,13,133),(3094,1.00,13,134),(3095,1.00,13,135),(3096,1.00,13,136),(3097,1.00,13,137),(3098,1.00,13,138),(3099,1.00,13,139),(3100,1.00,13,140),(3101,1.00,13,141),(3102,1.00,13,142),(3103,1.00,13,143),(3104,1.00,13,144),(3105,1.00,13,145),(3106,1.00,13,146),(3107,1.00,13,147),(3108,1.00,13,148),(3109,1.00,13,149),(3110,1.00,13,150),(3111,1.00,13,151),(3112,1.00,13,152),(3113,1.00,13,153),(3114,1.00,13,154),(3115,1.00,13,155),(3116,1.00,13,156),(3117,1.00,13,157),(3118,1.00,13,158),(3119,1.00,13,159),(3120,1.00,13,160),(3121,1.00,13,161),(3122,1.00,13,162),(3123,1.00,13,163),(3124,1.00,13,164),(3125,1.00,13,165),(3126,1.00,13,166),(3127,1.00,13,167),(3128,1.00,13,168),(3129,1.00,13,169),(3130,1.00,13,170),(3131,1.00,13,171),(3132,1.00,13,172),(3133,1.00,13,173),(3134,1.00,13,174),(3135,1.00,13,175),(3136,1.00,13,176),(3137,1.00,13,177),(3138,1.00,13,178),(3139,1.00,13,179),(3140,1.00,13,180),(3141,1.00,13,181),(3142,1.00,13,182),(3143,1.00,13,183),(3144,1.00,13,184),(3145,1.00,13,185),(3146,1.00,13,186),(3147,1.00,13,187),(3148,1.00,13,188),(3149,1.00,13,189),(3150,1.00,13,190),(3151,1.00,13,191),(3152,1.00,13,192),(3153,1.00,13,193),(3154,1.00,13,194),(3155,1.00,13,195),(3156,1.00,13,196),(3157,1.00,13,197),(3158,1.00,13,198),(3159,1.00,13,199),(3160,1.00,13,200),(3161,1.00,13,201),(3162,1.00,13,202),(3163,1.00,13,203),(3164,1.00,13,204),(3165,1.00,13,205),(3166,1.00,13,206),(3167,1.00,13,207),(3168,1.00,13,208),(3169,1.00,13,209),(3170,1.00,13,210),(3171,1.00,13,211),(3172,1.00,13,212),(3173,1.00,13,213),(3174,1.00,13,217),(3175,1.00,13,218),(3176,1.00,13,219),(3177,1.00,13,220),(3178,1.00,13,221),(3179,1.00,13,222),(3180,1.00,13,223),(3181,1.00,13,224),(3182,1.00,13,225),(3183,1.00,13,226),(3184,1.00,13,227),(3185,1.00,13,228),(3186,1.00,13,229),(3187,1.00,13,230),(3188,1.00,13,231),(3189,1.00,13,232),(3190,1.00,13,233),(3191,1.00,13,234),(3192,1.00,13,236),(3193,1.00,13,237),(3194,1.00,13,238),(3195,1.00,13,239),(3196,1.00,13,240),(3197,1.00,13,241),(3198,1.00,13,242),(3199,1.00,13,248),(3200,1.00,14,1),(3201,1.00,14,2),(3202,1.00,14,3),(3203,1.00,14,4),(3204,1.00,14,5),(3205,1.00,14,6),(3206,1.00,14,7),(3207,1.00,14,8),(3208,1.00,14,9),(3209,1.00,14,10),(3210,1.00,14,11),(3211,1.00,14,12),(3212,1.00,14,13),(3213,1.00,14,14),(3214,1.00,14,15),(3215,1.00,14,16),(3216,1.00,14,17),(3217,1.00,14,18),(3218,1.00,14,19),(3219,1.00,14,20),(3220,1.00,14,21),(3221,1.00,14,22),(3222,1.00,14,23),(3223,1.00,14,24),(3224,1.00,14,25),(3225,1.00,14,26),(3226,1.00,14,27),(3227,1.00,14,28),(3228,1.00,14,29),(3229,1.00,14,30),(3230,1.00,14,31),(3231,1.00,14,32),(3232,1.00,14,33),(3233,1.00,14,34),(3234,1.00,14,35),(3235,1.00,14,36),(3236,1.00,14,37),(3237,1.00,14,38),(3238,1.00,14,39),(3239,1.00,14,40),(3240,1.00,14,41),(3241,1.00,14,42),(3242,1.00,14,43),(3243,1.00,14,44),(3244,1.00,14,45),(3245,1.00,14,46),(3246,1.00,14,47),(3247,1.00,14,48),(3248,1.00,14,49),(3249,1.00,14,50),(3250,1.00,14,51),(3251,1.00,14,52),(3252,1.00,14,53),(3253,1.00,14,54),(3254,1.00,14,55),(3255,1.00,14,56),(3256,1.00,14,57),(3257,1.00,14,58),(3258,1.00,14,59),(3259,1.00,14,60),(3260,1.00,14,61),(3261,1.00,14,62),(3262,1.00,14,63),(3263,1.00,14,64),(3264,1.00,14,65),(3265,1.00,14,66),(3266,1.00,14,67),(3267,1.00,14,68),(3268,1.00,14,69),(3269,1.00,14,70),(3270,1.00,14,71),(3271,1.00,14,72),(3272,1.00,14,73),(3273,1.00,14,74),(3274,1.00,14,75),(3275,1.00,14,76),(3276,1.00,14,77),(3277,1.00,14,78),(3278,1.00,14,79),(3279,1.00,14,80),(3280,1.00,14,81),(3281,1.00,14,82),(3282,1.00,14,83),(3283,1.00,14,84),(3284,1.00,14,85),(3285,1.00,14,86),(3286,1.00,14,87),(3287,1.00,14,88),(3288,1.00,14,89),(3289,1.00,14,90),(3290,1.00,14,91),(3291,1.00,14,92),(3292,1.00,14,93),(3293,1.00,14,94),(3294,1.00,14,95),(3295,1.00,14,96),(3296,1.00,14,97),(3297,1.00,14,98),(3298,1.00,14,99),(3299,1.00,14,100),(3300,1.00,14,101),(3301,1.00,14,102),(3302,1.00,14,103),(3303,1.00,14,104),(3304,1.00,14,105),(3305,1.00,14,106),(3306,1.00,14,107),(3307,1.00,14,108),(3308,1.00,14,109),(3309,1.00,14,110),(3310,1.00,14,111),(3311,1.00,14,112),(3312,1.00,14,113),(3313,1.00,14,114),(3314,1.00,14,115),(3315,1.00,14,116),(3316,1.00,14,117),(3317,1.00,14,118),(3318,1.00,14,119),(3319,1.00,14,120),(3320,1.00,14,121),(3321,1.00,14,122),(3322,1.00,14,123),(3323,1.00,14,124),(3324,1.00,14,125),(3325,1.00,14,126),(3326,1.00,14,127),(3327,1.00,14,128),(3328,1.00,14,129),(3329,1.00,14,130),(3330,1.00,14,131),(3331,1.00,14,132),(3332,1.00,14,133),(3333,1.00,14,134),(3334,1.00,14,135),(3335,1.00,14,136),(3336,1.00,14,137),(3337,1.00,14,138),(3338,1.00,14,139),(3339,1.00,14,140),(3340,1.00,14,141),(3341,1.00,14,142),(3342,1.00,14,143),(3343,1.00,14,144),(3344,1.00,14,145),(3345,1.00,14,146),(3346,1.00,14,147),(3347,1.00,14,148),(3348,1.00,14,149),(3349,1.00,14,150),(3350,1.00,14,151),(3351,1.00,14,152),(3352,1.00,14,153),(3353,1.00,14,154),(3354,1.00,14,155),(3355,1.00,14,156),(3356,1.00,14,157),(3357,1.00,14,158),(3358,1.00,14,159),(3359,1.00,14,160),(3360,1.00,14,161),(3361,1.00,14,162),(3362,1.00,14,163),(3363,1.00,14,164),(3364,1.00,14,165),(3365,1.00,14,166),(3366,1.00,14,167),(3367,1.00,14,168),(3368,1.00,14,169),(3369,1.00,14,170),(3370,1.00,14,171),(3371,1.00,14,172),(3372,1.00,14,173),(3373,1.00,14,174),(3374,1.00,14,175),(3375,1.00,14,176),(3376,1.00,14,177),(3377,1.00,14,178),(3378,1.00,14,179),(3379,1.00,14,180),(3380,1.00,14,181),(3381,1.00,14,182),(3382,1.00,14,183),(3383,1.00,14,184),(3384,1.00,14,185),(3385,1.00,14,186),(3386,1.00,14,187),(3387,1.00,14,188),(3388,1.00,14,189),(3389,1.00,14,190),(3390,1.00,14,191),(3391,1.00,14,192),(3392,1.00,14,193),(3393,1.00,14,194),(3394,1.00,14,195),(3395,1.00,14,196),(3396,1.00,14,197),(3397,1.00,14,198),(3398,1.00,14,199),(3399,1.00,14,200),(3400,1.00,14,201),(3401,1.00,14,202),(3402,1.00,14,203),(3403,1.00,14,204),(3404,1.00,14,205),(3405,1.00,14,206),(3406,1.00,14,207),(3407,1.00,14,208),(3408,1.00,14,209),(3409,1.00,14,210),(3410,1.00,14,211),(3411,1.00,14,212),(3412,1.00,14,213),(3413,1.00,14,217),(3414,1.00,14,218),(3415,1.00,14,219),(3416,1.00,14,220),(3417,1.00,14,221),(3418,1.00,14,222),(3419,1.00,14,223),(3420,1.00,14,224),(3421,1.00,14,225),(3422,1.00,14,226),(3423,1.00,14,227),(3424,1.00,14,228),(3425,1.00,14,229),(3426,1.00,14,230),(3427,1.00,14,231),(3428,1.00,14,232),(3429,1.00,14,233),(3430,1.00,14,234),(3431,1.00,14,236),(3432,1.00,14,237),(3433,1.00,14,238),(3434,1.00,14,239),(3435,1.00,14,240),(3436,1.00,14,241),(3437,1.00,14,242),(3438,1.00,14,248),(3439,1.00,15,1),(3440,1.00,15,2),(3441,1.00,15,3),(3442,1.00,15,4),(3443,1.00,15,5),(3444,1.00,15,6),(3445,1.00,15,7),(3446,1.00,15,8),(3447,1.00,15,9),(3448,1.00,15,10),(3449,1.00,15,11),(3450,1.00,15,12),(3451,1.00,15,13),(3452,1.00,15,14),(3453,1.00,15,15),(3454,1.00,15,16),(3455,1.00,15,17),(3456,1.00,15,18),(3457,1.00,15,19),(3458,1.00,15,20),(3459,1.00,15,21),(3460,1.00,15,22),(3461,1.00,15,23),(3462,1.00,15,24),(3463,1.00,15,25),(3464,1.00,15,26),(3465,1.00,15,27),(3466,1.00,15,28),(3467,1.00,15,29),(3468,1.00,15,30),(3469,1.00,15,31),(3470,1.00,15,32),(3471,1.00,15,33),(3472,1.00,15,34),(3473,1.00,15,35),(3474,1.00,15,36),(3475,1.00,15,37),(3476,1.00,15,38),(3477,1.00,15,39),(3478,1.00,15,40),(3479,1.00,15,41),(3480,1.00,15,42),(3481,1.00,15,43),(3482,1.00,15,44),(3483,1.00,15,45),(3484,1.00,15,46),(3485,1.00,15,47),(3486,1.00,15,48),(3487,1.00,15,49),(3488,1.00,15,50),(3489,1.00,15,51),(3490,1.00,15,52),(3491,1.00,15,53),(3492,1.00,15,54),(3493,1.00,15,55),(3494,1.00,15,56),(3495,1.00,15,57),(3496,1.00,15,58),(3497,1.00,15,59),(3498,1.00,15,60),(3499,1.00,15,61),(3500,1.00,15,62),(3501,1.00,15,63),(3502,1.00,15,64),(3503,1.00,15,65),(3504,1.00,15,66),(3505,1.00,15,67),(3506,1.00,15,68),(3507,1.00,15,69),(3508,1.00,15,70),(3509,1.00,15,71),(3510,1.00,15,72),(3511,1.00,15,73),(3512,1.00,15,74),(3513,1.00,15,75),(3514,1.00,15,76),(3515,1.00,15,77),(3516,1.00,15,78),(3517,1.00,15,79),(3518,1.00,15,80),(3519,1.00,15,81),(3520,1.00,15,82),(3521,1.00,15,83),(3522,1.00,15,84),(3523,1.00,15,85),(3524,1.00,15,86),(3525,1.00,15,87),(3526,1.00,15,88),(3527,1.00,15,89),(3528,1.00,15,90),(3529,1.00,15,91),(3530,1.00,15,92),(3531,1.00,15,93),(3532,1.00,15,94),(3533,1.00,15,95),(3534,1.00,15,96),(3535,1.00,15,97),(3536,1.00,15,98),(3537,1.00,15,99),(3538,1.00,15,100),(3539,1.00,15,101),(3540,1.00,15,102),(3541,1.00,15,103),(3542,1.00,15,104),(3543,1.00,15,105),(3544,1.00,15,106),(3545,1.00,15,107),(3546,1.00,15,108),(3547,1.00,15,109),(3548,1.00,15,110),(3549,1.00,15,111),(3550,1.00,15,112),(3551,1.00,15,113),(3552,1.00,15,114),(3553,1.00,15,115),(3554,1.00,15,116),(3555,1.00,15,117),(3556,1.00,15,118),(3557,1.00,15,119),(3558,1.00,15,120),(3559,1.00,15,121),(3560,1.00,15,122),(3561,1.00,15,123),(3562,1.00,15,124),(3563,1.00,15,125),(3564,1.00,15,126),(3565,1.00,15,127),(3566,1.00,15,128),(3567,1.00,15,129),(3568,1.00,15,130),(3569,1.00,15,131),(3570,1.00,15,132),(3571,1.00,15,133),(3572,1.00,15,134),(3573,1.00,15,135),(3574,1.00,15,136),(3575,1.00,15,137),(3576,1.00,15,138),(3577,1.00,15,139),(3578,1.00,15,140),(3579,1.00,15,141),(3580,1.00,15,142),(3581,1.00,15,143),(3582,1.00,15,144),(3583,1.00,15,145),(3584,1.00,15,146),(3585,1.00,15,147),(3586,1.00,15,148),(3587,1.00,15,149),(3588,1.00,15,150),(3589,1.00,15,151),(3590,1.00,15,152),(3591,1.00,15,153),(3592,1.00,15,154),(3593,1.00,15,155),(3594,1.00,15,156),(3595,1.00,15,157),(3596,1.00,15,158),(3597,1.00,15,159),(3598,1.00,15,160),(3599,1.00,15,161),(3600,1.00,15,162),(3601,1.00,15,163),(3602,1.00,15,164),(3603,1.00,15,165),(3604,1.00,15,166),(3605,1.00,15,167),(3606,1.00,15,168),(3607,1.00,15,169),(3608,1.00,15,170),(3609,1.00,15,171),(3610,1.00,15,172),(3611,1.00,15,173),(3612,1.00,15,174),(3613,1.00,15,175),(3614,1.00,15,176),(3615,1.00,15,177),(3616,1.00,15,178),(3617,1.00,15,179),(3618,1.00,15,180),(3619,1.00,15,181),(3620,1.00,15,182),(3621,1.00,15,183),(3622,1.00,15,184),(3623,1.00,15,185),(3624,1.00,15,186),(3625,1.00,15,187),(3626,1.00,15,188),(3627,1.00,15,189),(3628,1.00,15,190),(3629,1.00,15,191),(3630,1.00,15,192),(3631,1.00,15,193),(3632,1.00,15,194),(3633,1.00,15,195),(3634,1.00,15,196),(3635,1.00,15,197),(3636,1.00,15,198),(3637,1.00,15,199),(3638,1.00,15,200),(3639,1.00,15,201),(3640,1.00,15,202),(3641,1.00,15,203),(3642,1.00,15,204),(3643,1.00,15,205),(3644,1.00,15,206),(3645,1.00,15,207),(3646,1.00,15,208),(3647,1.00,15,209),(3648,1.00,15,210),(3649,1.00,15,211),(3650,1.00,15,212),(3651,1.00,15,213),(3652,1.00,15,217),(3653,1.00,15,218),(3654,1.00,15,219),(3655,1.00,15,220),(3656,1.00,15,221),(3657,1.00,15,222),(3658,1.00,15,223),(3659,1.00,15,224),(3660,1.00,15,225),(3661,1.00,15,226),(3662,1.00,15,227),(3663,1.00,15,228),(3664,1.00,15,229),(3665,1.00,15,230),(3666,1.00,15,231),(3667,1.00,15,232),(3668,1.00,15,233),(3669,1.00,15,234),(3670,1.00,15,236),(3671,1.00,15,237),(3672,1.00,15,238),(3673,1.00,15,239),(3674,1.00,15,240),(3675,1.00,15,241),(3676,1.00,15,242),(3677,1.00,15,248),(3678,1.00,16,1),(3679,1.00,16,2),(3680,1.00,16,3),(3681,1.00,16,4),(3682,1.00,16,5),(3683,1.00,16,6),(3684,1.00,16,7),(3685,1.00,16,8),(3686,1.00,16,9),(3687,1.00,16,10),(3688,1.00,16,11),(3689,1.00,16,12),(3690,1.00,16,13),(3691,1.00,16,14),(3692,1.00,16,15),(3693,1.00,16,16),(3694,1.00,16,17),(3695,1.00,16,18),(3696,1.00,16,19),(3697,1.00,16,20),(3698,1.00,16,21),(3699,1.00,16,22),(3700,1.00,16,23),(3701,1.00,16,24),(3702,1.00,16,25),(3703,1.00,16,26),(3704,1.00,16,27),(3705,1.00,16,28),(3706,1.00,16,29),(3707,1.00,16,30),(3708,1.00,16,31),(3709,1.00,16,32),(3710,1.00,16,33),(3711,1.00,16,34),(3712,1.00,16,35),(3713,1.00,16,36),(3714,1.00,16,37),(3715,1.00,16,38),(3716,1.00,16,39),(3717,1.00,16,40),(3718,1.00,16,41),(3719,1.00,16,42),(3720,1.00,16,43),(3721,1.00,16,44),(3722,1.00,16,45),(3723,1.00,16,46),(3724,1.00,16,47),(3725,1.00,16,48),(3726,1.00,16,49),(3727,1.00,16,50),(3728,1.00,16,51),(3729,1.00,16,52),(3730,1.00,16,53),(3731,1.00,16,54),(3732,1.00,16,55),(3733,1.00,16,56),(3734,1.00,16,57),(3735,1.00,16,58),(3736,1.00,16,59),(3737,1.00,16,60),(3738,1.00,16,61),(3739,1.00,16,62),(3740,1.00,16,63),(3741,1.00,16,64),(3742,1.00,16,65),(3743,1.00,16,66),(3744,1.00,16,67),(3745,1.00,16,68),(3746,1.00,16,69),(3747,1.00,16,70),(3748,1.00,16,71),(3749,1.00,16,72),(3750,1.00,16,73),(3751,1.00,16,74),(3752,1.00,16,75),(3753,1.00,16,76),(3754,1.00,16,77),(3755,1.00,16,78),(3756,1.00,16,79),(3757,1.00,16,80),(3758,1.00,16,81),(3759,1.00,16,82),(3760,1.00,16,83),(3761,1.00,16,84),(3762,1.00,16,85),(3763,1.00,16,86),(3764,1.00,16,87),(3765,1.00,16,88),(3766,1.00,16,89),(3767,1.00,16,90),(3768,1.00,16,91),(3769,1.00,16,92),(3770,1.00,16,93),(3771,1.00,16,94),(3772,1.00,16,95),(3773,1.00,16,96),(3774,1.00,16,97),(3775,1.00,16,98),(3776,1.00,16,99),(3777,1.00,16,100),(3778,1.00,16,101),(3779,1.00,16,102),(3780,1.00,16,103),(3781,1.00,16,104),(3782,1.00,16,105),(3783,1.00,16,106),(3784,1.00,16,107),(3785,1.00,16,108),(3786,1.00,16,109),(3787,1.00,16,110),(3788,1.00,16,111),(3789,1.00,16,112),(3790,1.00,16,113),(3791,1.00,16,114),(3792,1.00,16,115),(3793,1.00,16,116),(3794,1.00,16,117),(3795,1.00,16,118),(3796,1.00,16,119),(3797,1.00,16,120),(3798,1.00,16,121),(3799,1.00,16,122),(3800,1.00,16,123),(3801,1.00,16,124),(3802,1.00,16,125),(3803,1.00,16,126),(3804,1.00,16,127),(3805,1.00,16,128),(3806,1.00,16,129),(3807,1.00,16,130),(3808,1.00,16,131),(3809,1.00,16,132),(3810,1.00,16,133),(3811,1.00,16,134),(3812,1.00,16,135),(3813,1.00,16,136),(3814,1.00,16,137),(3815,1.00,16,138),(3816,1.00,16,139),(3817,1.00,16,140),(3818,1.00,16,141),(3819,1.00,16,142),(3820,1.00,16,143),(3821,1.00,16,144),(3822,1.00,16,145),(3823,1.00,16,146),(3824,1.00,16,147),(3825,1.00,16,148),(3826,1.00,16,149),(3827,1.00,16,150),(3828,1.00,16,151),(3829,1.00,16,152),(3830,1.00,16,153),(3831,1.00,16,154),(3832,1.00,16,155),(3833,1.00,16,156),(3834,1.00,16,157),(3835,1.00,16,158),(3836,1.00,16,159),(3837,1.00,16,160),(3838,1.00,16,161),(3839,1.00,16,162),(3840,1.00,16,163),(3841,1.00,16,164),(3842,1.00,16,165),(3843,1.00,16,166),(3844,1.00,16,167),(3845,1.00,16,168),(3846,1.00,16,169),(3847,1.00,16,170),(3848,1.00,16,171),(3849,1.00,16,172),(3850,1.00,16,173),(3851,1.00,16,174),(3852,1.00,16,175),(3853,1.00,16,176),(3854,1.00,16,177),(3855,1.00,16,178),(3856,1.00,16,179),(3857,1.00,16,180),(3858,1.00,16,181),(3859,1.00,16,182),(3860,1.00,16,183),(3861,1.00,16,184),(3862,1.00,16,185),(3863,1.00,16,186),(3864,1.00,16,187),(3865,1.00,16,188),(3866,1.00,16,189),(3867,1.00,16,190),(3868,1.00,16,191),(3869,1.00,16,192),(3870,1.00,16,193),(3871,1.00,16,194),(3872,1.00,16,195),(3873,1.00,16,196),(3874,1.00,16,197),(3875,1.00,16,198),(3876,1.00,16,199),(3877,1.00,16,200),(3878,1.00,16,201),(3879,1.00,16,202),(3880,1.00,16,203),(3881,1.00,16,204),(3882,1.00,16,205),(3883,1.00,16,206),(3884,1.00,16,207),(3885,1.00,16,208),(3886,1.00,16,209),(3887,1.00,16,210),(3888,1.00,16,211),(3889,1.00,16,212),(3890,1.00,16,213),(3891,1.00,16,217),(3892,1.00,16,218),(3893,1.00,16,219),(3894,1.00,16,220),(3895,1.00,16,221),(3896,1.00,16,222),(3897,1.00,16,223),(3898,1.00,16,224),(3899,1.00,16,225),(3900,1.00,16,226),(3901,1.00,16,227),(3902,1.00,16,228),(3903,1.00,16,229),(3904,1.00,16,230),(3905,1.00,16,231),(3906,1.00,16,232),(3907,1.00,16,233),(3908,1.00,16,234),(3909,1.00,16,236),(3910,1.00,16,237),(3911,1.00,16,238),(3912,1.00,16,239),(3913,1.00,16,240),(3914,1.00,16,241),(3915,1.00,16,242),(3916,1.00,16,248),(3917,1.00,20,1),(3918,1.00,20,2),(3919,1.00,20,3),(3920,1.00,20,4),(3921,1.00,20,5),(3922,1.00,20,6),(3923,1.00,20,7),(3924,1.00,20,8),(3925,1.00,20,9),(3926,1.00,20,10),(3927,1.00,20,11),(3928,1.00,20,12),(3929,1.00,20,13),(3930,1.00,20,14),(3931,1.00,20,15),(3932,1.00,20,16),(3933,1.00,20,17),(3934,1.00,20,18),(3935,1.00,20,19),(3936,1.00,20,20),(3937,1.00,20,21),(3938,1.00,20,22),(3939,1.00,20,23),(3940,1.00,20,24),(3941,1.00,20,25),(3942,1.00,20,26),(3943,1.00,20,27),(3944,1.00,20,28),(3945,1.00,20,29),(3946,1.00,20,30),(3947,1.00,20,31),(3948,1.00,20,32),(3949,1.00,20,33),(3950,1.00,20,34),(3951,1.00,20,35),(3952,1.00,20,36),(3953,1.00,20,37),(3954,1.00,20,38),(3955,1.00,20,39),(3956,1.00,20,40),(3957,1.00,20,41),(3958,1.00,20,42),(3959,1.00,20,43),(3960,1.00,20,44),(3961,1.00,20,45),(3962,1.00,20,46),(3963,1.00,20,47),(3964,1.00,20,48),(3965,1.00,20,49),(3966,1.00,20,50),(3967,1.00,20,51),(3968,1.00,20,52),(3969,1.00,20,53),(3970,1.00,20,54),(3971,1.00,20,55),(3972,1.00,20,56),(3973,1.00,20,57),(3974,1.00,20,58),(3975,1.00,20,59),(3976,1.00,20,60),(3977,1.00,20,61),(3978,1.00,20,62),(3979,1.00,20,63),(3980,1.00,20,64),(3981,1.00,20,65),(3982,1.00,20,66),(3983,1.00,20,67),(3984,1.00,20,68),(3985,1.00,20,69),(3986,1.00,20,70),(3987,1.00,20,71),(3988,1.00,20,72),(3989,1.00,20,73),(3990,1.00,20,74),(3991,1.00,20,75),(3992,1.00,20,76),(3993,1.00,20,77),(3994,1.00,20,78),(3995,1.00,20,79),(3996,1.00,20,80),(3997,1.00,20,81),(3998,1.00,20,82),(3999,1.00,20,83),(4000,1.00,20,84),(4001,1.00,20,85),(4002,1.00,20,86),(4003,1.00,20,87),(4004,1.00,20,88),(4005,1.00,20,89),(4006,1.00,20,90),(4007,1.00,20,91),(4008,1.00,20,92),(4009,1.00,20,93),(4010,1.00,20,94),(4011,1.00,20,95),(4012,1.00,20,96),(4013,1.00,20,97),(4014,1.00,20,98),(4015,1.00,20,99),(4016,1.00,20,100),(4017,1.00,20,101),(4018,1.00,20,102),(4019,1.00,20,103),(4020,1.00,20,104),(4021,1.00,20,105),(4022,1.00,20,106),(4023,1.00,20,107),(4024,1.00,20,108),(4025,1.00,20,109),(4026,1.00,20,110),(4027,1.00,20,111),(4028,1.00,20,112),(4029,1.00,20,113),(4030,1.00,20,114),(4031,1.00,20,115),(4032,1.00,20,116),(4033,1.00,20,117),(4034,1.00,20,118),(4035,1.00,20,119),(4036,1.00,20,120),(4037,1.00,20,121),(4038,1.00,20,122),(4039,1.00,20,123),(4040,1.00,20,124),(4041,1.00,20,125),(4042,1.00,20,126),(4043,1.00,20,127),(4044,1.00,20,128),(4045,1.00,20,129),(4046,1.00,20,130),(4047,1.00,20,131),(4048,1.00,20,132),(4049,1.00,20,133),(4050,1.00,20,134),(4051,1.00,20,135),(4052,1.00,20,136),(4053,1.00,20,137),(4054,1.00,20,138),(4055,1.00,20,139),(4056,1.00,20,140),(4057,1.00,20,141),(4058,1.00,20,142),(4059,1.00,20,143),(4060,1.00,20,144),(4061,1.00,20,145),(4062,1.00,20,146),(4063,1.00,20,147),(4064,1.00,20,148),(4065,1.00,20,149),(4066,1.00,20,150),(4067,1.00,20,151),(4068,1.00,20,152),(4069,1.00,20,153),(4070,1.00,20,154),(4071,1.00,20,155),(4072,1.00,20,156),(4073,1.00,20,157),(4074,1.00,20,158),(4075,1.00,20,159),(4076,1.00,20,160),(4077,1.00,20,161),(4078,1.00,20,162),(4079,1.00,20,163),(4080,1.00,20,164),(4081,1.00,20,165),(4082,1.00,20,166),(4083,1.00,20,167),(4084,1.00,20,168),(4085,1.00,20,169),(4086,1.00,20,170),(4087,1.00,20,171),(4088,1.00,20,172),(4089,1.00,20,173),(4090,1.00,20,174),(4091,1.00,20,175),(4092,1.00,20,176),(4093,1.00,20,177),(4094,1.00,20,178),(4095,1.00,20,179),(4096,1.00,20,180),(4097,1.00,20,181),(4098,1.00,20,182),(4099,1.00,20,183),(4100,1.00,20,184),(4101,1.00,20,185),(4102,1.00,20,186),(4103,1.00,20,187),(4104,1.00,20,188),(4105,1.00,20,189),(4106,1.00,20,190),(4107,1.00,20,191),(4108,1.00,20,192),(4109,1.00,20,193),(4110,1.00,20,194),(4111,1.00,20,195),(4112,1.00,20,196),(4113,1.00,20,197),(4114,1.00,20,198),(4115,1.00,20,199),(4116,1.00,20,200),(4117,1.00,20,201),(4118,1.00,20,202),(4119,1.00,20,203),(4120,1.00,20,204),(4121,1.00,20,205),(4122,1.00,20,206),(4123,1.00,20,207),(4124,1.00,20,208),(4125,1.00,20,209),(4126,1.00,20,210),(4127,1.00,20,211),(4128,1.00,20,212),(4129,1.00,20,213),(4130,1.00,20,217),(4131,1.00,20,218),(4132,1.00,20,219),(4133,1.00,20,220),(4134,1.00,20,221),(4135,1.00,20,222),(4136,1.00,20,223),(4137,1.00,20,224),(4138,1.00,20,225),(4139,1.00,20,226),(4140,1.00,20,227),(4141,1.00,20,228),(4142,1.00,20,229),(4143,1.00,20,230),(4144,1.00,20,231),(4145,1.00,20,232),(4146,1.00,20,233),(4147,1.00,20,234),(4148,1.00,20,236),(4149,1.00,20,237),(4150,1.00,20,238),(4151,1.00,20,239),(4152,1.00,20,240),(4153,1.00,20,241),(4154,1.00,20,242),(4155,1.00,20,248),(4156,1.00,23,1),(4157,1.00,23,2),(4158,1.00,23,3),(4159,1.00,23,4),(4160,1.00,23,5),(4161,1.00,23,6),(4162,1.00,23,7),(4163,1.00,23,8),(4164,1.00,23,9),(4165,1.00,23,10),(4166,1.00,23,11),(4167,1.00,23,12),(4168,1.00,23,13),(4169,1.00,23,14),(4170,1.00,23,15),(4171,1.00,23,16),(4172,1.00,23,17),(4173,1.00,23,18),(4174,1.00,23,19),(4175,1.00,23,20),(4176,1.00,23,21),(4177,1.00,23,22),(4178,1.00,23,23),(4179,1.00,23,24),(4180,1.00,23,25),(4181,1.00,23,26),(4182,1.00,23,27),(4183,1.00,23,28),(4184,1.00,23,29),(4185,1.00,23,30),(4186,1.00,23,31),(4187,1.00,23,32),(4188,1.00,23,33),(4189,1.00,23,34),(4190,1.00,23,35),(4191,1.00,23,36),(4192,1.00,23,37),(4193,1.00,23,38),(4194,1.00,23,39),(4195,1.00,23,40),(4196,1.00,23,41),(4197,1.00,23,42),(4198,1.00,23,43),(4199,1.00,23,44),(4200,1.00,23,45),(4201,1.00,23,46),(4202,1.00,23,47),(4203,1.00,23,48),(4204,1.00,23,49),(4205,1.00,23,50),(4206,1.00,23,51),(4207,1.00,23,52),(4208,1.00,23,53),(4209,1.00,23,54),(4210,1.00,23,55),(4211,1.00,23,56),(4212,1.00,23,57),(4213,1.00,23,58),(4214,1.00,23,59),(4215,1.00,23,60),(4216,1.00,23,61),(4217,1.00,23,62),(4218,1.00,23,63),(4219,1.00,23,64),(4220,1.00,23,65),(4221,1.00,23,66),(4222,1.00,23,67),(4223,1.00,23,68),(4224,1.00,23,69),(4225,1.00,23,70),(4226,1.00,23,71),(4227,1.00,23,72),(4228,1.00,23,73),(4229,1.00,23,74),(4230,1.00,23,75),(4231,1.00,23,76),(4232,1.00,23,77),(4233,1.00,23,78),(4234,1.00,23,79),(4235,1.00,23,80),(4236,1.00,23,81),(4237,1.00,23,82),(4238,1.00,23,83),(4239,1.00,23,84),(4240,1.00,23,85),(4241,1.00,23,86),(4242,1.00,23,87),(4243,1.00,23,88),(4244,1.00,23,89),(4245,1.00,23,90),(4246,1.00,23,91),(4247,1.00,23,92),(4248,1.00,23,93),(4249,1.00,23,94),(4250,1.00,23,95),(4251,1.00,23,96),(4252,1.00,23,97),(4253,1.00,23,98),(4254,1.00,23,99),(4255,1.00,23,100),(4256,1.00,23,101),(4257,1.00,23,102),(4258,1.00,23,103),(4259,1.00,23,104),(4260,1.00,23,105),(4261,1.00,23,106),(4262,1.00,23,107),(4263,1.00,23,108),(4264,1.00,23,109),(4265,1.00,23,110),(4266,1.00,23,111),(4267,1.00,23,112),(4268,1.00,23,113),(4269,1.00,23,114),(4270,1.00,23,115),(4271,1.00,23,116),(4272,1.00,23,117),(4273,1.00,23,118),(4274,1.00,23,119),(4275,1.00,23,120),(4276,1.00,23,121),(4277,1.00,23,122),(4278,1.00,23,123),(4279,1.00,23,124),(4280,1.00,23,125),(4281,1.00,23,126),(4282,1.00,23,127),(4283,1.00,23,128),(4284,1.00,23,129),(4285,1.00,23,130),(4286,1.00,23,131),(4287,1.00,23,132),(4288,1.00,23,133),(4289,1.00,23,134),(4290,1.00,23,135),(4291,1.00,23,136),(4292,1.00,23,137),(4293,1.00,23,138),(4294,1.00,23,139),(4295,1.00,23,140),(4296,1.00,23,141),(4297,1.00,23,142),(4298,1.00,23,143),(4299,1.00,23,144),(4300,1.00,23,145),(4301,1.00,23,146),(4302,1.00,23,147),(4303,1.00,23,148),(4304,1.00,23,149),(4305,1.00,23,150),(4306,1.00,23,151),(4307,1.00,23,152),(4308,1.00,23,153),(4309,1.00,23,154),(4310,1.00,23,155),(4311,1.00,23,156),(4312,1.00,23,157),(4313,1.00,23,158),(4314,1.00,23,159),(4315,1.00,23,160),(4316,1.00,23,161),(4317,1.00,23,162),(4318,1.00,23,163),(4319,1.00,23,164),(4320,1.00,23,165),(4321,1.00,23,166),(4322,1.00,23,167),(4323,1.00,23,168),(4324,1.00,23,169),(4325,1.00,23,170),(4326,1.00,23,171),(4327,1.00,23,172),(4328,1.00,23,173),(4329,1.00,23,174),(4330,1.00,23,175),(4331,1.00,23,176),(4332,1.00,23,177),(4333,1.00,23,178),(4334,1.00,23,179),(4335,1.00,23,180),(4336,1.00,23,181),(4337,1.00,23,182),(4338,1.00,23,183),(4339,1.00,23,184),(4340,1.00,23,185),(4341,1.00,23,186),(4342,1.00,23,187),(4343,1.00,23,188),(4344,1.00,23,189),(4345,1.00,23,190),(4346,1.00,23,191),(4347,1.00,23,192),(4348,1.00,23,193),(4349,1.00,23,194),(4350,1.00,23,195),(4351,1.00,23,196),(4352,1.00,23,197),(4353,1.00,23,198),(4354,1.00,23,199),(4355,1.00,23,200),(4356,1.00,23,201),(4357,1.00,23,202),(4358,1.00,23,203),(4359,1.00,23,204),(4360,1.00,23,205),(4361,1.00,23,206),(4362,1.00,23,207),(4363,1.00,23,208),(4364,1.00,23,209),(4365,1.00,23,210),(4366,1.00,23,211),(4367,1.00,23,212),(4368,1.00,23,213),(4369,1.00,23,217),(4370,1.00,23,218),(4371,1.00,23,219),(4372,1.00,23,220),(4373,1.00,23,221),(4374,1.00,23,222),(4375,1.00,23,223),(4376,1.00,23,224),(4377,1.00,23,225),(4378,1.00,23,226),(4379,1.00,23,227),(4380,1.00,23,228),(4381,1.00,23,229),(4382,1.00,23,230),(4383,1.00,23,231),(4384,1.00,23,232),(4385,1.00,23,233),(4386,1.00,23,234),(4387,1.00,23,236),(4388,1.00,23,237),(4389,1.00,23,238),(4390,1.00,23,239),(4391,1.00,23,240),(4392,1.00,23,241),(4393,1.00,23,242),(4394,1.00,23,248),(4395,1.00,1,249),(4396,2.40,2,249),(4397,1.00,3,249),(4398,1.00,4,249),(4399,1.00,5,249),(4400,1.00,6,249),(4401,1.00,7,249),(4402,1.00,8,249),(4403,1.00,9,249),(4404,1.00,10,249),(4405,1.00,11,249),(4406,1.00,12,249),(4407,1.00,13,249),(4408,1.00,14,249),(4409,1.00,15,249),(4410,1.00,16,249),(4411,1.00,20,249),(4412,1.00,23,249),(4467,2.00,1,253),(4468,1.00,2,253),(4469,1.00,3,253),(4470,1.00,4,253),(4471,1.00,5,253),(4472,1.00,6,253),(4473,1.00,7,253),(4474,1.00,8,253),(4475,1.00,9,253),(4476,1.00,10,253),(4477,1.00,11,253),(4478,1.00,12,253),(4479,1.00,13,253),(4480,1.00,14,253),(4481,1.00,15,253),(4482,1.00,16,253),(4483,1.00,20,253),(4484,1.00,23,253),(4485,0.60,1,254),(4486,1.00,2,254),(4487,1.00,3,254),(4488,1.00,4,254),(4489,1.00,5,254),(4490,1.00,6,254),(4491,1.00,7,254),(4492,1.00,8,254),(4493,1.00,9,254),(4494,1.00,10,254),(4495,1.00,11,254),(4496,1.00,12,254),(4497,1.00,13,254),(4498,1.00,14,254),(4499,1.00,15,254),(4500,1.00,16,254),(4501,1.00,20,254),(4502,1.00,23,254);
/*!40000 ALTER TABLE `probabilities` ENABLE KEYS */;
UNLOCK TABLES;

--
-- Table structure for table `users`
--

DROP TABLE IF EXISTS `users`;
/*!40101 SET @saved_cs_client     = @@character_set_client */;
/*!40101 SET character_set_client = utf8 */;
CREATE TABLE `users` (
  `id` bigint(20) NOT NULL AUTO_INCREMENT,
  `email` varchar(255) COLLATE utf8_unicode_ci DEFAULT NULL,
  `login` varchar(255) COLLATE utf8_unicode_ci DEFAULT NULL,
  `password` varchar(255) COLLATE utf8_unicode_ci DEFAULT NULL,
  `permission` varchar(255) COLLATE utf8_unicode_ci DEFAULT NULL,
  PRIMARY KEY (`id`),
  UNIQUE KEY `UK_6dotkott2kjsp8vw4d0m25fb7` (`email`),
  UNIQUE KEY `UK_ow0gan20590jrb00upg3va2fn` (`login`)
) ENGINE=InnoDB AUTO_INCREMENT=24 DEFAULT CHARSET=utf8 COLLATE=utf8_unicode_ci;
/*!40101 SET character_set_client = @saved_cs_client */;

--
-- Dumping data for table `users`
--

LOCK TABLES `users` WRITE;
/*!40000 ALTER TABLE `users` DISABLE KEYS */;
INSERT INTO `users` VALUES (1,'admin@gmail.com','admin','$2a$10$p3DYnRk.uiY/bwET84K5Dei8Jrg3y.VfhqR5cSt.VJfmlKt0xPm5K','admin'),(2,'kamilo@wp.pl','kamil123','$2a$10$UYWLYPBxtuGM8XrI5MGECORu2G5wTRRktNNUi3ej38kHEFzglrQwe','user'),(3,'baska@gmail.com','basia92','$2a$10$YCv9g7E.dXvWkK.wliD18erlLHJ7JodhY/Hu/JJrnxz5jv0W61HAm','user'),(4,'wiechu.james.bond@007.com','wiesiek007','$2a$10$fHoXOlLka56N8WhiLl0obeI7272X9VJQ69R/750lF/DHEKntkxb3u','user'),(5,'dzik@wp.pl','dzikiJohny','$2a$10$WnQ9EFkXjgs/MoYQ9SCUheAPSm9TL63/3SFUGwH1dSzbBkPTFZFnO','user'),(6,'oliwka@o2.pl','Oliwka1','$2a$10$qJDpPEnDLXyVI9IL.PjkiOXqmKa5iTE5uFnND/tkjrL3KAnr9kZc.','user'),(7,'kajtek99@op.pl','kajtekBezMajtek','$2a$10$K0Jtze5QgBm1lChHnklyHe3i3N3o9ucv.d6C6MMAn5rSekUKRZfz2','user'),(8,'robert@adoptuj_faceta.pl','romulus69','$2a$10$aXj0MZZ1kbqtCIqwLgLf6eUbJmB.oo1I9z8QXfPZEDwDX51zjGTHe','user'),(9,'bodzio@wp.pl','bodzio123','$2a$10$yLaQ9lXBIvWUKGMfw33.dOQoeRgrhOw7ZitC5me97NLzcBMIXN2su','user'),(10,'kazik2@gmail.com','kazik2','$2a$10$6f7ohKdzQFkcCEBHP7xCDujoBjWsAetmZPkISBGxYNUXAeuhE2Bva','user'),(11,'lysy11@o2.pl','lysy1','$2a$10$ok16BNe8QBE17EpusZyTqOM3w7wxXDLGO1rIEo5ClmwOWUk6HMwLa','user'),(12,'marek@gmail.com','marek-biegacz','$2a$10$OSBJY.zF9rB0nhF9xpxwKOj703RexTw7QJ36mbX9IdqO0tJLE67UG','user'),(13,'test12@wp.pl','test12','$2a$10$jSV2Yt/QVOJcZD67e/nOOOsQ.0raKGMCWnlb2uLYvgpICUZTc9PIy','user'),(14,'lala@p.pl','lala','$2a$10$zIWnuoPbNIj3W7eHqkU4d.TJOYii953JYfEG0NxlS7fTawTx6eBWm','user'),(15,'czarek@op.pl','czarek','$2a$10$b8uYuC1PjQiDVtEOjLZ4FetMNrV1O1T5K2WTRNemNCtcOyAZiUfEW','user'),(16,'','','$2a$10$tG675aAZxN5Vz9vGTnsv1u4cUIHju9SzVS07J71yKIrR8ET0pckia','user'),(20,'tomasz@gk.pl','tomek','$2a$10$ag1UR7GFEqDsxWQcOYxoe.oNiRZhzM8oBipmNYHYZQr7z61zlnt0e','user'),(23,'teest@wp.pl','teest','$2a$10$JWvajBOENqXAzaVNl6DXTuwaDI.TM/QL4Y6YK.olxblfbNLhWh9sm','user');
/*!40000 ALTER TABLE `users` ENABLE KEYS */;
UNLOCK TABLES;

--
-- Table structure for table `word_groups`
--

DROP TABLE IF EXISTS `word_groups`;
/*!40101 SET @saved_cs_client     = @@character_set_client */;
/*!40101 SET character_set_client = utf8 */;
CREATE TABLE `word_groups` (
  `id` bigint(20) NOT NULL AUTO_INCREMENT,
  `created` date DEFAULT NULL,
  `if_basic_group` bit(1) NOT NULL,
  `last_update` datetime(6) DEFAULT NULL,
  `name` varchar(255) COLLATE utf8_unicode_ci DEFAULT NULL,
  `user_id` bigint(20) DEFAULT NULL,
  PRIMARY KEY (`id`),
  UNIQUE KEY `UK_4ku4il91q7jpy4kjdrkmhjhyv` (`name`),
  KEY `FKr6adatm7q1uw89m5fpjn4u4ts` (`user_id`),
  CONSTRAINT `FKr6adatm7q1uw89m5fpjn4u4ts` FOREIGN KEY (`user_id`) REFERENCES `users` (`id`)
) ENGINE=InnoDB AUTO_INCREMENT=24 DEFAULT CHARSET=utf8 COLLATE=utf8_unicode_ci;
/*!40101 SET character_set_client = @saved_cs_client */;

--
-- Dumping data for table `word_groups`
--

LOCK TABLES `word_groups` WRITE;
/*!40000 ALTER TABLE `word_groups` DISABLE KEYS */;
INSERT INTO `word_groups` VALUES (1,'2017-12-04','','2017-12-07 12:11:45.798000','Jedzenie',1),(2,'2017-12-04','','2017-12-04 16:13:28.749000','Podstawowe zwroty',1),(3,'2017-12-04','','2017-12-04 16:21:57.920000','Liczby',1),(4,'2017-12-04','','2017-12-04 16:27:34.948000','Sport',1),(5,'2017-12-04','','2017-12-04 16:31:17.519000','Czowiek',1),(6,'2017-12-04','','2017-12-07 21:48:17.777000','Pogoda',1),(7,'2017-12-04','','2017-12-04 16:40:15.462000','Dom',1),(8,'2017-12-04','','2017-12-04 16:43:02.705000','wiat przyrody',1),(9,'2017-12-04','','2017-12-04 17:48:35.440000','Turystyka',1),(10,'2017-12-04','','2017-12-04 16:03:07.809000','Zdrowie',1),(11,'2017-12-04','','2017-12-04 17:44:27.261000','Praca',1),(12,'2017-12-04','','2017-12-04 17:54:39.636000','Przymiotniki',1),(13,'2017-12-04','\0','2017-12-07 00:55:58.234000','Warzywa',2),(14,'2017-12-04','\0','2017-12-06 15:24:46.888000','Kolory',2),(15,'2017-12-04','\0','2017-12-04 20:12:10.886000','kartkwka z angielskiego',8),(16,'2017-12-04','\0','2017-12-04 20:14:55.910000','mafia',4),(18,'2017-12-06','\0','2017-12-06 15:30:52.341000','school',2),(21,'2017-12-07','\0','2017-12-14 23:51:09.360000','test',1),(22,'2017-12-08','','2017-12-08 00:53:28.710000','RANDOM',1),(23,'2017-12-08','\0','2017-12-08 10:46:09.216000','test123',2);
/*!40000 ALTER TABLE `word_groups` ENABLE KEYS */;
UNLOCK TABLES;

--
-- Table structure for table `words`
--

DROP TABLE IF EXISTS `words`;
/*!40101 SET @saved_cs_client     = @@character_set_client */;
/*!40101 SET character_set_client = utf8 */;
CREATE TABLE `words` (
  `id` bigint(20) NOT NULL AUTO_INCREMENT,
  `eng` varchar(255) COLLATE utf8_unicode_ci DEFAULT NULL,
  `pl` varchar(255) COLLATE utf8_unicode_ci DEFAULT NULL,
  `word_group_id` bigint(20) DEFAULT NULL,
  PRIMARY KEY (`id`),
  KEY `FKdgpx3boxpqa4u25txisounui3` (`word_group_id`),
  CONSTRAINT `FKdgpx3boxpqa4u25txisounui3` FOREIGN KEY (`word_group_id`) REFERENCES `word_groups` (`id`)
) ENGINE=InnoDB AUTO_INCREMENT=255 DEFAULT CHARSET=utf8 COLLATE=utf8_unicode_ci;
/*!40101 SET character_set_client = @saved_cs_client */;

--
-- Dumping data for table `words`
--

LOCK TABLES `words` WRITE;
/*!40000 ALTER TABLE `words` DISABLE KEYS */;
INSERT INTO `words` VALUES (1,'bread','chleb',1),(2,'milk','mleko',1),(3,'butter','maso',1),(4,'water','woda',1),(5,'juice','sok',1),(6,'vegetables','warzywa',1),(7,'fruits','owoce',1),(8,'apple','jabko',1),(9,'grapes','winogrona',1),(10,'cheese','ser',1),(11,'pasta','makaron',1),(12,'potato','ziemniak',1),(13,'rice','ry',1),(14,'tomato','pomidor',1),(15,'cucumber','ogrek',1),(16,'lettuce','saata',1),(17,'nice to see you','mio Ci widzie',2),(18,'how are you?','jak si masz?',2),(19,'hello','cze',2),(20,'good morning','dzie dobry',2),(21,'good evening','dobry wieczr',2),(22,'good bye','do widzenia',2),(23,'thank you','dzikuj',2),(24,'you\'re welcome','nie ma za co',2),(25,'happy birthday','Wszystkiego najlepszego (urodziny)',2),(26,'marry christmas','wesoych wit',2),(27,'What time is it?','ktra jest godzina?',2),(28,'one','jeden',3),(29,'two','dwa',3),(30,'three','trzy',3),(31,'four','cztery',3),(32,'five','pi',3),(33,'six','sze',3),(34,'seven','siedem',3),(35,'eight','osiem',3),(36,'nine','dziewi',3),(37,'ten','dziesi',3),(38,'eleven','jedenacie',3),(39,'twelve','dwanacie',3),(40,'thirteen','trzynacie',3),(41,'fourteen','czternacie',3),(42,'fifteen','pitnacie',3),(43,'first','pierwszy',3),(44,'second','drugi',3),(45,'third','trzeci',3),(46,'twenty','dwadziecia',3),(47,'ball','pika',4),(48,'racket','rakieta',4),(49,'gym','siownia',4),(50,'bicycle','rower',4),(51,'basketball','koszykwka',4),(52,'voleyball','siatkwka',4),(53,'football','pika nona',4),(54,'tennis','tenis',4),(55,'climbing','wspinaczka',4),(56,'cycling','kolarstwo',4),(57,'hockey','hokej',4),(58,'running','bieganie',4),(59,'swimming','pywanie',4),(60,'referee','sdzia',4),(61,'foul','faul',4),(62,'face','twarz',5),(63,'leg','noga',5),(64,'hand','do',5),(65,'head','gowa',5),(66,'nose','nos',5),(67,'nail','paznokie',5),(68,'arm','rami',5),(69,'bone','ko',5),(70,'knee','kolano',5),(71,'eye','oko',5),(72,'ear','ucho',5),(73,'back','plecy',5),(74,'mouth','usta',5),(75,'hair','wosy',5),(76,'hearth','serce',5),(77,'sun','soce',6),(78,'cloud','chmura',6),(79,'rain','deszcz',6),(80,'wind','wiatr',6),(81,'hot','gorco',6),(82,'snow','nieg',6),(83,'ice','ld',6),(84,'cloudy','pochmurno',6),(85,'lightning','piorun',6),(86,'sunny','sonecznie',6),(87,'umbrella','parasol',6),(88,'hail','grad',6),(89,'room','pokj',7),(90,'kitchen','kuchnia',7),(91,'bedroom','sypialnia',7),(92,'bathroom','azienka',7),(93,'toilet','toaleta',7),(94,'attic','strych',7),(95,'bed','ko',7),(96,'chair','krzeso',7),(97,'table','st',7),(98,'desk','biurko',7),(99,'wardrobe','szafa',7),(100,'door','drzwi',7),(101,'hall','korytarz',7),(102,'cottage','chatka',7),(103,'tree','drzewo',8),(104,'sea','morze',8),(105,'river','rzeka',8),(106,'mountain','gra',8),(107,'stream','strumyk',8),(108,'lake','jezioro',8),(109,'flower','kwiatek',8),(110,'grass','trawa',8),(111,'moon','ksiyc',8),(112,'animal','zwierz',8),(113,'dog','pies',8),(114,'cat','kot',8),(115,'snake','w',8),(116,'butterfly','motyl',8),(117,'pig','winia',8),(118,'cow','krowa',8),(119,'airport','lotnisko',9),(120,'station','dworzec',9),(121,'trip','podr',9),(122,'suitcase','walizka',9),(123,'plane','samolot',9),(124,'taxi','takswka',9),(125,'ticket','bilet',9),(126,'bus','bus',9),(127,'train','pocig',9),(128,'map','mapa',9),(129,'city centre','centrum miasta',9),(130,'old town','starwka',9),(131,'flight','lot',9),(132,'guide','przewodnik',9),(133,'ship','statek',9),(134,'boss','szef',11),(135,'work','praca',11),(136,'computer','komputer',11),(137,'break','przerwa',11),(138,'office','biuro',11),(139,'desk','biurko',11),(140,'phone','telefon',11),(141,'holiday','urlop',11),(142,'employee','pracownik',11),(143,'agreement','umowa',11),(144,'payment','wypata',11),(145,'promotion','awans',11),(146,'job interview','rozmowa o prac',11),(147,'task','zadanie',11),(148,'company','firma',11),(149,'cover letter','list motywacyjny',11),(150,'salary','pensja',11),(151,'lawyer','adwokat',11),(152,'actor','aktor',11),(153,'gross','brutto',11),(154,'dentist','dentysta',11),(155,'miner','grnik',11),(156,'hairdresser','fryzer',11),(157,'waiter','kelner',11),(158,'net','netto',11),(159,'doctor','lekarz',11),(160,'cook','kucharz',11),(161,'teacher','nauczyciel',11),(162,'writer','pisarz',11),(163,'fireman','straak',11),(164,'country','pastwo',9),(165,'holiday','wakacje',9),(166,'key','klucz',9),(167,'road','droga',9),(168,'bridge','most',9),(169,'camping','biwakowanie',9),(170,'luggage','baga',9),(171,'railway station','dworzec kolejowy',9),(172,'tourist','turysta',9),(173,'tram','tramwaj',9),(174,'backpack','plecak',9),(175,'clean','czysty',12),(176,'empty','pusty',12),(177,'full','peny',12),(178,'angry','zy',12),(179,'hungry','godny',12),(180,'sad','smutny',12),(181,'tired','zmczony',12),(182,'worried','zmartwiony',12),(183,'disappointed','rozczarowany',12),(184,'happy','szczliwy',12),(185,'funny','zabawny',12),(186,'fast','szybki',12),(187,'slow','wolny',12),(188,'light','lekki',12),(189,'delicious','pyszny',12),(190,'dangerous','niebezpieczny',12),(191,'safe','bezpieczny',12),(192,'expensive','drogi',12),(193,'young','mody',12),(194,'old','stary',12),(195,'stupid','gupi',12),(196,'fat','gruby',12),(197,'beautiful','pikny',12),(198,'big','duy',12),(199,'small','may',12),(200,'long','dugi',12),(201,'carrot','marchewka',13),(202,'cucumber','ogrek',13),(203,'onion','cebula',13),(204,'tomato','pomidor',13),(205,'beetroot','burak',13),(206,'maize','kukurydza',13),(207,'red','czerwony',14),(208,'green','zielony',14),(209,'yellow','ty',14),(210,'blue','niebieski',14),(211,'orange','pomaraczowy',14),(212,'black','czarny',14),(213,'white','biay',14),(217,'monday','poniedziaek',15),(218,'tuesday','wtorek',15),(219,'wednesday','roda',15),(220,'thursday','czwartek',15),(221,'friday','pitek',15),(222,'saturday','sobota',15),(223,'sunday','niedziela',15),(224,'gun','bro',16),(225,'boss','szef',16),(226,'murder','morderstwo',16),(227,'bank','bank',16),(228,'bomb','bomba',16),(229,'assault','napad',16),(230,'ransom','okup',16),(231,'hijacking','porwanie auta',16),(232,'thief','zodziej',16),(233,'spy','szpieg',16),(234,'smuggle','przemyca',16),(236,'aqua','bkitny',14),(237,'brown','brzowy',14),(238,'bean','fasola',13),(239,'pen','dugopis',18),(240,'pencil','owek',18),(241,'backpack','plecak',18),(242,'pencil case','pirnik',18),(248,'test','test',21),(249,'a','a',23),(253,'a','a',21),(254,'b','b',21);
/*!40000 ALTER TABLE `words` ENABLE KEYS */;
UNLOCK TABLES;
/*!40103 SET TIME_ZONE=@OLD_TIME_ZONE */;

/*!40101 SET SQL_MODE=@OLD_SQL_MODE */;
/*!40014 SET FOREIGN_KEY_CHECKS=@OLD_FOREIGN_KEY_CHECKS */;
/*!40014 SET UNIQUE_CHECKS=@OLD_UNIQUE_CHECKS */;
/*!40101 SET CHARACTER_SET_CLIENT=@OLD_CHARACTER_SET_CLIENT */;
/*!40101 SET CHARACTER_SET_RESULTS=@OLD_CHARACTER_SET_RESULTS */;
/*!40101 SET COLLATION_CONNECTION=@OLD_COLLATION_CONNECTION */;
/*!40111 SET SQL_NOTES=@OLD_SQL_NOTES */;

-- Dump completed on 2017-12-17 22:58:56
